"id","question_id","answer_id","value","created_at","updated_at"
"1","1","1","0","2021-05-09 15:06:30","2021-05-09 15:06:30"
"2","1","2","1","2021-05-09 15:06:30","2021-05-09 15:06:30"
"3","1","3","2","2021-05-09 15:06:30","2021-05-09 15:06:30"
"4","1","4","3","2021-05-09 15:06:30","2021-05-09 15:06:30"
"5","1","5","4","2021-05-09 15:06:30","2021-05-09 15:06:30"
"6","2","6","0","2021-05-09 15:06:30","2021-05-09 15:06:30"
"7","2","7","1","2021-05-09 15:06:30","2021-05-09 15:06:30"
"8","2","8","2","2021-05-09 15:06:30","2021-05-09 15:06:30"
"9","2","9","3","2021-05-09 15:06:30","2021-05-09 15:06:30"
"10","2","10","4","2021-05-09 15:06:30","2021-05-09 15:06:30"
"11","3","11","0","2021-05-09 15:06:30","2021-05-09 15:06:30"
"12","3","12","1","2021-05-09 15:06:30","2021-05-09 15:06:30"
"13","3","13","2","2021-05-09 15:06:30","2021-05-09 15:06:30"
"14","3","14","3","2021-05-09 15:06:30","2021-05-09 15:06:30"
"15","3","15","4","2021-05-09 15:06:30","2021-05-09 15:06:30"
"16","4","11","0","2021-05-09 15:06:30","2021-05-09 15:06:30"
"17","4","12","1","2021-05-09 15:06:30","2021-05-09 15:06:30"
"18","4","13","2","2021-05-09 15:06:30","2021-05-09 15:06:30"
"19","4","14","3","2021-05-09 15:06:30","2021-05-09 15:06:30"
"20","4","15","4","2021-05-09 15:06:30","2021-05-09 15:06:30"
"21","5","11","0","2021-05-09 15:06:30","2021-05-09 15:06:30"
"22","5","12","1","2021-05-09 15:06:30","2021-05-09 15:06:30"
"23","5","13","2","2021-05-09 15:06:30","2021-05-09 15:06:30"
"24","5","14","3","2021-05-09 15:06:30","2021-05-09 15:06:30"
"25","5","15","4","2021-05-09 15:06:30","2021-05-09 15:06:30"
"26","6","11","0","2021-05-09 15:06:30","2021-05-09 15:06:30"
"27","6","12","1","2021-05-09 15:06:30","2021-05-09 15:06:30"
"28","6","13","2","2021-05-09 15:06:30","2021-05-09 15:06:30"
"29","6","14","3","2021-05-09 15:06:30","2021-05-09 15:06:30"
"30","6","15","4","2021-05-09 15:06:30","2021-05-09 15:06:30"
"31","7","11","0","2021-05-09 15:06:30","2021-05-09 15:06:30"
"32","7","12","1","2021-05-09 15:06:30","2021-05-09 15:06:30"
"33","7","13","2","2021-05-09 15:06:30","2021-05-09 15:06:30"
"34","7","14","3","2021-05-09 15:06:30","2021-05-09 15:06:30"
"35","7","15","4","2021-05-09 15:06:30","2021-05-09 15:06:30"
"36","8","11","0","2021-05-09 15:06:30","2021-05-09 15:06:30"
"37","8","12","1","2021-05-09 15:06:30","2021-05-09 15:06:30"
"38","8","13","2","2021-05-09 15:06:30","2021-05-09 15:06:30"
"39","8","14","3","2021-05-09 15:06:30","2021-05-09 15:06:30"
"40","8","15","4","2021-05-09 15:06:30","2021-05-09 15:06:30"
"41","9","16","0","2021-05-09 15:06:30","2021-05-09 15:06:30"
"43","9","17","2","2021-05-09 15:06:30","2021-05-09 15:06:30"
"45","9","18","4","2021-05-09 15:06:30","2021-05-09 15:06:30"
"46","10","16","0","2021-05-09 15:06:30","2021-05-09 15:06:30"
"48","10","17","2","2021-05-09 15:06:30","2021-05-09 15:06:30"
"50","10","18","4","2021-05-09 15:06:30","2021-05-09 15:06:30"
"51","11","20","1","2021-05-09 15:06:30","2021-05-09 15:06:30"
"52","11","21","2","2021-05-09 15:06:30","2021-05-09 15:06:30"
"53","11","22","3","2021-05-09 15:06:30","2021-05-09 15:06:30"
"54","11","23","4","2021-05-09 15:06:30","2021-05-09 15:06:30"
"55","12","20","1","2021-05-09 15:06:30","2021-05-09 15:06:30"
"56","12","21","2","2021-05-09 15:06:30","2021-05-09 15:06:30"
"57","12","22","3","2021-05-09 15:06:30","2021-05-09 15:06:30"
"58","12","23","4","2021-05-09 15:06:30","2021-05-09 15:06:30"
"59","13","20","1","2021-05-09 15:06:30","2021-05-09 15:06:30"
"60","13","21","2","2021-05-09 15:06:30","2021-05-09 15:06:30"
"61","13","22","3","2021-05-09 15:06:30","2021-05-09 15:06:30"
"62","13","23","4","2021-05-09 15:06:30","2021-05-09 15:06:30"
"63","14","20","1","2021-05-09 15:06:30","2021-05-09 15:06:30"
"64","14","21","2","2021-05-09 15:06:30","2021-05-09 15:06:30"
"65","14","22","3","2021-05-09 15:06:30","2021-05-09 15:06:30"
"66","14","23","4","2021-05-09 15:06:30","2021-05-09 15:06:30"
"67","15","20","1","2021-05-09 15:06:30","2021-05-09 15:06:30"
"68","15","21","2","2021-05-09 15:06:30","2021-05-09 15:06:30"
"69","15","22","3","2021-05-09 15:06:30","2021-05-09 15:06:30"
"70","15","23","4","2021-05-09 15:06:30","2021-05-09 15:06:30"
"71","16","20","1","2021-05-09 15:06:30","2021-05-09 15:06:30"
"72","16","21","2","2021-05-09 15:06:30","2021-05-09 15:06:30"
"73","16","22","3","2021-05-09 15:06:30","2021-05-09 15:06:30"
"74","16","23","4","2021-05-09 15:06:30","2021-05-09 15:06:30"
"75","17","20","1","2021-05-09 15:06:30","2021-05-09 15:06:30"
"76","17","21","2","2021-05-09 15:06:30","2021-05-09 15:06:30"
"77","17","22","3","2021-05-09 15:06:30","2021-05-09 15:06:30"
"78","17","23","4","2021-05-09 15:06:30","2021-05-09 15:06:30"
"79","18","20","1","2021-05-09 15:06:30","2021-05-09 15:06:30"
"80","18","21","2","2021-05-09 15:06:30","2021-05-09 15:06:30"
"81","18","22","3","2021-05-09 15:06:30","2021-05-09 15:06:30"
"82","18","23","4","2021-05-09 15:06:30","2021-05-09 15:06:30"
"83","19","20","1","2021-05-09 15:06:30","2021-05-09 15:06:30"
"84","19","21","2","2021-05-09 15:06:30","2021-05-09 15:06:30"
"85","19","22","3","2021-05-09 15:06:30","2021-05-09 15:06:30"
"86","19","23","4","2021-05-09 15:06:30","2021-05-09 15:06:30"
"87","20","20","1","2021-05-09 15:06:30","2021-05-09 15:06:30"
"88","20","21","2","2021-05-09 15:06:30","2021-05-09 15:06:30"
"89","20","22","3","2021-05-09 15:06:30","2021-05-09 15:06:30"
"90","20","23","4","2021-05-09 15:06:30","2021-05-09 15:06:30"
"91","21","20","1","2021-05-09 15:06:30","2021-05-09 15:06:30"
"92","21","21","2","2021-05-09 15:06:30","2021-05-09 15:06:30"
"93","21","22","3","2021-05-09 15:06:30","2021-05-09 15:06:30"
"94","21","23","4","2021-05-09 15:06:30","2021-05-09 15:06:30"
"95","22","20","1","2021-05-09 15:06:30","2021-05-09 15:06:30"
"96","22","20","1","2021-05-09 15:06:30","2021-05-09 15:06:30"
"97","22","21","2","2021-05-09 15:06:30","2021-05-09 15:06:30"
"98","22","22","3","2021-05-09 15:06:30","2021-05-09 15:06:30"
"99","22","23","4","2021-05-09 15:06:30","2021-05-09 15:06:30"
"100","23","20","1","2021-05-09 15:06:30","2021-05-09 15:06:30"
"101","23","21","2","2021-05-09 15:06:30","2021-05-09 15:06:30"
"102","23","22","3","2021-05-09 15:06:30","2021-05-09 15:06:30"
"103","23","23","4","2021-05-09 15:06:30","2021-05-09 15:06:30"
"104","24","20","1","2021-05-09 15:06:30","2021-05-09 15:06:30"
"105","24","21","2","2021-05-09 15:06:30","2021-05-09 15:06:30"
"106","24","22","3","2021-05-09 15:06:30","2021-05-09 15:06:30"
"107","24","23","4","2021-05-09 15:06:30","2021-05-09 15:06:30"
"108","25","20","1","2021-05-09 15:06:30","2021-05-09 15:06:30"
"109","25","21","2","2021-05-09 15:06:30","2021-05-09 15:06:30"
"110","25","22","3","2021-05-09 15:06:30","2021-05-09 15:06:30"
"111","25","23","4","2021-05-09 15:06:30","2021-05-09 15:06:30"
"112","26","20","1","2021-05-09 15:06:30","2021-05-09 15:06:30"
"113","26","21","2","2021-05-09 15:06:30","2021-05-09 15:06:30"
"114","26","22","3","2021-05-09 15:06:30","2021-05-09 15:06:30"
"115","26","23","4","2021-05-09 15:06:30","2021-05-09 15:06:30"
"116","27","20","1","2021-05-09 15:06:30","2021-05-09 15:06:30"
"117","27","21","2","2021-05-09 15:06:30","2021-05-09 15:06:30"
"118","27","22","3","2021-05-09 15:06:30","2021-05-09 15:06:30"
"119","27","23","4","2021-05-09 15:06:30","2021-05-09 15:06:30"
"120","28","20","1","2021-05-09 15:06:30","2021-05-09 15:06:30"
"121","28","21","2","2021-05-09 15:06:30","2021-05-09 15:06:30"
"122","28","22","3","2021-05-09 15:06:30","2021-05-09 15:06:30"
"123","28","23","4","2021-05-09 15:06:30","2021-05-09 15:06:30"
"124","29","20","1","2021-05-09 15:06:30","2021-05-09 15:06:30"
"125","29","21","2","2021-05-09 15:06:30","2021-05-09 15:06:30"
"126","29","22","3","2021-05-09 15:06:30","2021-05-09 15:06:30"
"127","29","23","4","2021-05-09 15:06:30","2021-05-09 15:06:30"
"128","30","20","1","2021-05-09 15:06:30","2021-05-09 15:06:30"
"129","30","21","2","2021-05-09 15:06:30","2021-05-09 15:06:30"
"130","30","22","3","2021-05-09 15:06:30","2021-05-09 15:06:30"
"131","30","23","4","2021-05-09 15:06:30","2021-05-09 15:06:30"
"132","31","24","1","2021-05-09 15:06:30","2021-05-09 15:06:30"
"133","31","25","2","2021-05-09 15:06:30","2021-05-09 15:06:30"
"134","31","26","3","2021-05-09 15:06:30","2021-05-09 15:06:30"
"135","31","27","4","2021-05-09 15:06:30","2021-05-09 15:06:30"
"136","31","28","5","2021-05-09 15:06:30","2021-05-09 15:06:30"
"137","31","29","6","2021-05-09 15:06:30","2021-05-09 15:06:30"
"138","32","24","1","2021-05-09 15:06:30","2021-05-09 15:06:30"
"139","32","25","2","2021-05-09 15:06:30","2021-05-09 15:06:30"
"140","32","26","3","2021-05-09 15:06:30","2021-05-09 15:06:30"
"141","32","27","4","2021-05-09 15:06:30","2021-05-09 15:06:30"
"142","32","28","5","2021-05-09 15:06:30","2021-05-09 15:06:30"
"143","32","29","6","2021-05-09 15:06:30","2021-05-09 15:06:30"
"144","33","24","1","2021-05-09 15:06:30","2021-05-09 15:06:30"
"145","33","25","2","2021-05-09 15:06:30","2021-05-09 15:06:30"
"146","33","26","3","2021-05-09 15:06:30","2021-05-09 15:06:30"
"147","33","27","4","2021-05-09 15:06:30","2021-05-09 15:06:30"
"148","33","28","5","2021-05-09 15:06:30","2021-05-09 15:06:30"
"149","33","29","6","2021-05-09 15:06:30","2021-05-09 15:06:30"
"150","34","24","1","2021-05-09 15:06:30","2021-05-09 15:06:30"
"151","34","25","2","2021-05-09 15:06:30","2021-05-09 15:06:30"
"152","34","26","3","2021-05-09 15:06:30","2021-05-09 15:06:30"
"153","34","27","4","2021-05-09 15:06:30","2021-05-09 15:06:30"
"154","34","28","5","2021-05-09 15:06:30","2021-05-09 15:06:30"
"155","34","29","6","2021-05-09 15:06:30","2021-05-09 15:06:30"
"156","35","24","1","2021-05-09 15:06:30","2021-05-09 15:06:30"
"157","35","25","2","2021-05-09 15:06:30","2021-05-09 15:06:30"
"158","35","26","3","2021-05-09 15:06:30","2021-05-09 15:06:30"
"159","35","27","4","2021-05-09 15:06:30","2021-05-09 15:06:30"
"160","35","28","5","2021-05-09 15:06:30","2021-05-09 15:06:30"
"161","35","29","6","2021-05-09 15:06:30","2021-05-09 15:06:30"
"162","36","24","1","2021-05-09 15:06:30","2021-05-09 15:06:30"
"163","36","25","2","2021-05-09 15:06:30","2021-05-09 15:06:30"
"164","36","26","3","2021-05-09 15:06:30","2021-05-09 15:06:30"
"165","36","27","4","2021-05-09 15:06:30","2021-05-09 15:06:30"
"166","36","28","5","2021-05-09 15:06:30","2021-05-09 15:06:30"
"167","36","29","6","2021-05-09 15:06:30","2021-05-09 15:06:30"
"168","37","24","1","2021-05-09 15:06:30","2021-05-09 15:06:30"
"169","37","25","2","2021-05-09 15:06:30","2021-05-09 15:06:30"
"170","37","26","3","2021-05-09 15:06:30","2021-05-09 15:06:30"
"171","37","27","4","2021-05-09 15:06:30","2021-05-09 15:06:30"
"172","37","28","5","2021-05-09 15:06:30","2021-05-09 15:06:30"
"173","37","29","6","2021-05-09 15:06:30","2021-05-09 15:06:30"
"174","38","24","1","2021-05-09 15:06:30","2021-05-09 15:06:30"
"175","38","25","2","2021-05-09 15:06:30","2021-05-09 15:06:30"
"176","38","26","3","2021-05-09 15:06:30","2021-05-09 15:06:30"
"177","38","27","4","2021-05-09 15:06:30","2021-05-09 15:06:30"
"178","38","28","5","2021-05-09 15:06:30","2021-05-09 15:06:30"
"179","38","29","6","2021-05-09 15:06:30","2021-05-09 15:06:30"
"180","39","24","1","2021-05-09 15:06:30","2021-05-09 15:06:30"
"181","39","25","2","2021-05-09 15:06:30","2021-05-09 15:06:30"
"182","39","26","3","2021-05-09 15:06:30","2021-05-09 15:06:30"
"183","39","27","4","2021-05-09 15:06:30","2021-05-09 15:06:30"
"184","39","28","5","2021-05-09 15:06:30","2021-05-09 15:06:30"
"185","39","29","6","2021-05-09 15:06:30","2021-05-09 15:06:30"
"186","40","24","1","2021-05-09 15:06:30","2021-05-09 15:06:30"
"187","40","25","2","2021-05-09 15:06:30","2021-05-09 15:06:30"
"188","40","26","3","2021-05-09 15:06:30","2021-05-09 15:06:30"
"189","40","27","4","2021-05-09 15:06:30","2021-05-09 15:06:30"
"190","40","28","5","2021-05-09 15:06:30","2021-05-09 15:06:30"
"191","40","29","6","2021-05-09 15:06:30","2021-05-09 15:06:30"
"192","41","24","1","2021-05-09 15:06:30","2021-05-09 15:06:30"
"193","41","25","2","2021-05-09 15:06:30","2021-05-09 15:06:30"
"194","41","26","3","2021-05-09 15:06:30","2021-05-09 15:06:30"
"195","41","27","4","2021-05-09 15:06:30","2021-05-09 15:06:30"
"196","41","28","5","2021-05-09 15:06:30","2021-05-09 15:06:30"
"197","41","29","6","2021-05-09 15:06:30","2021-05-09 15:06:30"
"198","42","24","1","2021-05-09 15:06:30","2021-05-09 15:06:30"
"199","42","25","2","2021-05-09 15:06:30","2021-05-09 15:06:30"
"200","42","26","3","2021-05-09 15:06:30","2021-05-09 15:06:30"
"201","42","27","4","2021-05-09 15:06:30","2021-05-09 15:06:30"
"202","42","28","5","2021-05-09 15:06:30","2021-05-09 15:06:30"
"203","42","29","6","2021-05-09 15:06:30","2021-05-09 15:06:30"
"204","43","24","1","2021-05-09 15:06:30","2021-05-09 15:06:30"
"205","43","25","2","2021-05-09 15:06:30","2021-05-09 15:06:30"
"206","43","26","3","2021-05-09 15:06:30","2021-05-09 15:06:30"
"207","43","27","4","2021-05-09 15:06:30","2021-05-09 15:06:30"
"208","43","28","5","2021-05-09 15:06:30","2021-05-09 15:06:30"
"209","43","29","6","2021-05-09 15:06:30","2021-05-09 15:06:30"
"210","44","24","1","2021-05-09 15:06:30","2021-05-09 15:06:30"
"211","44","25","2","2021-05-09 15:06:30","2021-05-09 15:06:30"
"212","44","26","3","2021-05-09 15:06:30","2021-05-09 15:06:30"
"213","44","27","4","2021-05-09 15:06:30","2021-05-09 15:06:30"
"214","44","28","5","2021-05-09 15:06:30","2021-05-09 15:06:30"
"215","44","29","6","2021-05-09 15:06:30","2021-05-09 15:06:30"
"216","45","24","1","2021-05-09 15:06:30","2021-05-09 15:06:30"
"217","45","25","2","2021-05-09 15:06:30","2021-05-09 15:06:30"
"218","45","26","3","2021-05-09 15:06:30","2021-05-09 15:06:30"
"219","45","27","4","2021-05-09 15:06:30","2021-05-09 15:06:30"
"220","45","28","5","2021-05-09 15:06:30","2021-05-09 15:06:30"
"221","45","29","6","2021-05-09 15:06:30","2021-05-09 15:06:30"
"222","46","24","1","2021-05-09 15:06:30","2021-05-09 15:06:30"
"223","46","25","2","2021-05-09 15:06:30","2021-05-09 15:06:30"
"224","46","26","3","2021-05-09 15:06:30","2021-05-09 15:06:30"
"225","46","27","4","2021-05-09 15:06:30","2021-05-09 15:06:30"
"226","46","28","5","2021-05-09 15:06:30","2021-05-09 15:06:30"
"227","46","29","6","2021-05-09 15:06:30","2021-05-09 15:06:30"
"228","47","24","1","2021-05-09 15:06:30","2021-05-09 15:06:30"
"229","47","25","2","2021-05-09 15:06:30","2021-05-09 15:06:30"
"230","47","26","3","2021-05-09 15:06:30","2021-05-09 15:06:30"
"231","47","27","4","2021-05-09 15:06:30","2021-05-09 15:06:30"
"232","47","28","5","2021-05-09 15:06:30","2021-05-09 15:06:30"
"233","47","29","6","2021-05-09 15:06:30","2021-05-09 15:06:30"
"234","48","24","1","2021-05-09 15:06:30","2021-05-09 15:06:30"
"235","48","25","2","2021-05-09 15:06:30","2021-05-09 15:06:30"
"236","48","26","3","2021-05-09 15:06:30","2021-05-09 15:06:30"
"237","48","27","4","2021-05-09 15:06:30","2021-05-09 15:06:30"
"238","48","28","5","2021-05-09 15:06:30","2021-05-09 15:06:30"
"239","48","29","6","2021-05-09 15:06:30","2021-05-09 15:06:30"
"240","49","24","1","2021-05-09 15:06:30","2021-05-09 15:06:30"
"241","49","25","2","2021-05-09 15:06:30","2021-05-09 15:06:30"
"242","49","26","3","2021-05-09 15:06:30","2021-05-09 15:06:30"
"243","49","27","4","2021-05-09 15:06:30","2021-05-09 15:06:30"
"244","49","28","5","2021-05-09 15:06:30","2021-05-09 15:06:30"
"245","49","29","6","2021-05-09 15:06:30","2021-05-09 15:06:30"
"246","50","24","1","2021-05-09 15:06:30","2021-05-09 15:06:30"
"247","50","25","2","2021-05-09 15:06:30","2021-05-09 15:06:30"
"248","50","26","3","2021-05-09 15:06:30","2021-05-09 15:06:30"
"249","50","27","4","2021-05-09 15:06:30","2021-05-09 15:06:30"
"250","50","28","5","2021-05-09 15:06:30","2021-05-09 15:06:30"
"251","50","29","6","2021-05-09 15:06:30","2021-05-09 15:06:30"
"252","51","24","1","2021-05-09 15:06:30","2021-05-09 15:06:30"
"253","51","25","2","2021-05-09 15:06:30","2021-05-09 15:06:30"
"254","51","26","3","2021-05-09 15:06:30","2021-05-09 15:06:30"
"255","51","27","4","2021-05-09 15:06:30","2021-05-09 15:06:30"
"256","51","28","5","2021-05-09 15:06:30","2021-05-09 15:06:30"
"257","51","29","6","2021-05-09 15:06:30","2021-05-09 15:06:30"
"258","52","24","1","2021-05-09 15:06:30","2021-05-09 15:06:30"
"259","52","25","2","2021-05-09 15:06:30","2021-05-09 15:06:30"
"260","52","26","3","2021-05-09 15:06:30","2021-05-09 15:06:30"
"261","52","27","4","2021-05-09 15:06:30","2021-05-09 15:06:30"
"262","52","28","5","2021-05-09 15:06:30","2021-05-09 15:06:30"
"263","52","29","6","2021-05-09 15:06:30","2021-05-09 15:06:30"
"264","53","24","1","2021-05-09 15:06:30","2021-05-09 15:06:30"
"265","53","25","2","2021-05-09 15:06:30","2021-05-09 15:06:30"
"266","53","26","3","2021-05-09 15:06:30","2021-05-09 15:06:30"
"267","53","27","4","2021-05-09 15:06:30","2021-05-09 15:06:30"
"268","53","28","5","2021-05-09 15:06:30","2021-05-09 15:06:30"
"269","53","29","6","2021-05-09 15:06:30","2021-05-09 15:06:30"
"270","54","30","0","2021-05-09 15:06:30","2021-05-09 15:06:30"
"271","54","31","1","2021-05-09 15:06:30","2021-05-09 15:06:30"
"272","54","32","2","2021-05-09 15:06:30","2021-05-09 15:06:30"
"273","54","33","3","2021-05-09 15:06:30","2021-05-09 15:06:30"
"274","54","34","4","2021-05-09 15:06:30","2021-05-09 15:06:30"
"275","55","30","0","2021-05-09 15:06:30","2021-05-09 15:06:30"
"276","55","31","1","2021-05-09 15:06:30","2021-05-09 15:06:30"
"277","55","32","2","2021-05-09 15:06:30","2021-05-09 15:06:30"
"278","55","33","3","2021-05-09 15:06:30","2021-05-09 15:06:30"
"279","55","34","4","2021-05-09 15:06:30","2021-05-09 15:06:30"
"280","56","30","0","2021-05-09 15:06:30","2021-05-09 15:06:30"
"281","56","31","1","2021-05-09 15:06:30","2021-05-09 15:06:30"
"282","56","32","2","2021-05-09 15:06:30","2021-05-09 15:06:30"
"283","56","33","3","2021-05-09 15:06:30","2021-05-09 15:06:30"
"284","56","34","4","2021-05-09 15:06:30","2021-05-09 15:06:30"
"285","57","30","0","2021-05-09 15:06:30","2021-05-09 15:06:30"
"286","57","31","1","2021-05-09 15:06:30","2021-05-09 15:06:30"
"287","57","32","2","2021-05-09 15:06:30","2021-05-09 15:06:30"
"288","57","33","3","2021-05-09 15:06:30","2021-05-09 15:06:30"
"289","57","34","4","2021-05-09 15:06:30","2021-05-09 15:06:30"
"290","58","30","0","2021-05-09 15:06:30","2021-05-09 15:06:30"
"291","58","31","1","2021-05-09 15:06:30","2021-05-09 15:06:30"
"292","58","32","2","2021-05-09 15:06:30","2021-05-09 15:06:30"
"293","58","33","3","2021-05-09 15:06:30","2021-05-09 15:06:30"
"294","58","34","4","2021-05-09 15:06:30","2021-05-09 15:06:30"
"295","59","30","0","2021-05-09 15:06:30","2021-05-09 15:06:30"
"296","59","31","1","2021-05-09 15:06:30","2021-05-09 15:06:30"
"297","59","32","2","2021-05-09 15:06:30","2021-05-09 15:06:30"
"298","59","33","3","2021-05-09 15:06:30","2021-05-09 15:06:30"
"299","59","34","4","2021-05-09 15:06:30","2021-05-09 15:06:30"
"300","60","30","0","2021-05-09 15:06:30","2021-05-09 15:06:30"
"301","60","31","1","2021-05-09 15:06:30","2021-05-09 15:06:30"
"302","60","32","2","2021-05-09 15:06:30","2021-05-09 15:06:30"
"303","60","33","3","2021-05-09 15:06:30","2021-05-09 15:06:30"
"304","60","34","4","2021-05-09 15:06:30","2021-05-09 15:06:30"
"305","61","30","0","2021-05-09 15:06:30","2021-05-09 15:06:30"
"306","61","31","1","2021-05-09 15:06:30","2021-05-09 15:06:30"
"307","61","32","2","2021-05-09 15:06:30","2021-05-09 15:06:30"
"308","61","33","3","2021-05-09 15:06:30","2021-05-09 15:06:30"
"309","61","34","4","2021-05-09 15:06:30","2021-05-09 15:06:30"
"310","62","30","0","2021-05-09 15:06:30","2021-05-09 15:06:30"
"311","62","31","1","2021-05-09 15:06:30","2021-05-09 15:06:30"
"312","62","32","2","2021-05-09 15:06:30","2021-05-09 15:06:30"
"313","62","33","3","2021-05-09 15:06:30","2021-05-09 15:06:30"
"314","62","34","4","2021-05-09 15:06:30","2021-05-09 15:06:30"
"315","63","30","0","2021-05-09 15:06:30","2021-05-09 15:06:30"
"316","63","31","1","2021-05-09 15:06:30","2021-05-09 15:06:30"
"317","63","32","2","2021-05-09 15:06:30","2021-05-09 15:06:30"
"318","63","33","3","2021-05-09 15:06:30","2021-05-09 15:06:30"
"319","63","34","4","2021-05-09 15:06:30","2021-05-09 15:06:30"
"320","64","30","0","2021-05-09 15:06:30","2021-05-09 15:06:30"
"321","64","31","1","2021-05-09 15:06:30","2021-05-09 15:06:30"
"322","64","32","2","2021-05-09 15:06:30","2021-05-09 15:06:30"
"323","64","33","3","2021-05-09 15:06:30","2021-05-09 15:06:30"
"324","64","34","4","2021-05-09 15:06:30","2021-05-09 15:06:30"
"325","65","30","0","2021-05-09 15:06:30","2021-05-09 15:06:30"
"326","65","31","1","2021-05-09 15:06:30","2021-05-09 15:06:30"
"327","65","32","2","2021-05-09 15:06:30","2021-05-09 15:06:30"
"328","65","33","3","2021-05-09 15:06:30","2021-05-09 15:06:30"
"329","65","34","4","2021-05-09 15:06:30","2021-05-09 15:06:30"
"330","66","30","0","2021-05-09 15:06:30","2021-05-09 15:06:30"
"331","66","31","1","2021-05-09 15:06:30","2021-05-09 15:06:30"
"332","66","32","2","2021-05-09 15:06:30","2021-05-09 15:06:30"
"333","66","33","3","2021-05-09 15:06:30","2021-05-09 15:06:30"
"334","66","34","4","2021-05-09 15:06:30","2021-05-09 15:06:30"
"335","67","30","0","2021-05-09 15:06:30","2021-05-09 15:06:30"
"336","67","31","1","2021-05-09 15:06:30","2021-05-09 15:06:30"
"337","67","32","2","2021-05-09 15:06:30","2021-05-09 15:06:30"
"338","67","33","3","2021-05-09 15:06:30","2021-05-09 15:06:30"
"339","67","34","4","2021-05-09 15:06:30","2021-05-09 15:06:30"
"340","68","30","0","2021-05-09 15:06:30","2021-05-09 15:06:30"
"341","68","31","1","2021-05-09 15:06:30","2021-05-09 15:06:30"
"342","68","32","2","2021-05-09 15:06:30","2021-05-09 15:06:30"
"343","68","33","3","2021-05-09 15:06:30","2021-05-09 15:06:30"
"344","68","34","4","2021-05-09 15:06:30","2021-05-09 15:06:30"
"345","69","30","0","2021-05-09 15:06:30","2021-05-09 15:06:30"
"346","69","31","1","2021-05-09 15:06:30","2021-05-09 15:06:30"
"347","69","32","2","2021-05-09 15:06:30","2021-05-09 15:06:30"
"348","69","33","3","2021-05-09 15:06:30","2021-05-09 15:06:30"
"349","69","34","4","2021-05-09 15:06:30","2021-05-09 15:06:30"
"350","70","30","0","2021-05-09 15:06:30","2021-05-09 15:06:30"
"351","70","31","1","2021-05-09 15:06:30","2021-05-09 15:06:30"
"352","70","32","2","2021-05-09 15:06:30","2021-05-09 15:06:30"
"353","70","33","3","2021-05-09 15:06:30","2021-05-09 15:06:30"
"354","70","34","4","2021-05-09 15:06:30","2021-05-09 15:06:30"
"355","71","30","0","2021-05-09 15:06:30","2021-05-09 15:06:30"
"356","71","31","1","2021-05-09 15:06:30","2021-05-09 15:06:30"
"357","71","32","2","2021-05-09 15:06:30","2021-05-09 15:06:30"
"358","71","33","3","2021-05-09 15:06:30","2021-05-09 15:06:30"
"359","71","34","4","2021-05-09 15:06:30","2021-05-09 15:06:30"
"360","72","30","0","2021-05-09 15:06:30","2021-05-09 15:06:30"
"361","72","31","1","2021-05-09 15:06:30","2021-05-09 15:06:30"
"362","72","32","2","2021-05-09 15:06:30","2021-05-09 15:06:30"
"363","72","33","3","2021-05-09 15:06:30","2021-05-09 15:06:30"
"364","72","34","4","2021-05-09 15:06:30","2021-05-09 15:06:30"
"365","73","30","0","2021-05-09 15:06:30","2021-05-09 15:06:30"
"366","73","31","1","2021-05-09 15:06:30","2021-05-09 15:06:30"
"367","73","32","2","2021-05-09 15:06:30","2021-05-09 15:06:30"
"368","73","33","3","2021-05-09 15:06:30","2021-05-09 15:06:30"
"369","73","34","4","2021-05-09 15:06:30","2021-05-09 15:06:30"
"370","74","30","0","2021-05-09 15:06:30","2021-05-09 15:06:30"
"371","74","31","1","2021-05-09 15:06:30","2021-05-09 15:06:30"
"372","74","32","2","2021-05-09 15:06:30","2021-05-09 15:06:30"
"373","74","33","3","2021-05-09 15:06:30","2021-05-09 15:06:30"
"374","74","34","4","2021-05-09 15:06:30","2021-05-09 15:06:30"
"375","75","30","0","2021-05-09 15:06:30","2021-05-09 15:06:30"
"376","75","31","1","2021-05-09 15:06:30","2021-05-09 15:06:30"
"377","75","32","2","2021-05-09 15:06:30","2021-05-09 15:06:30"
"378","75","33","3","2021-05-09 15:06:30","2021-05-09 15:06:30"
"379","75","34","4","2021-05-09 15:06:30","2021-05-09 15:06:30"
"380","76","30","0","2021-05-09 15:06:30","2021-05-09 15:06:30"
"381","76","31","1","2021-05-09 15:06:30","2021-05-09 15:06:30"
"382","76","32","2","2021-05-09 15:06:30","2021-05-09 15:06:30"
"383","76","33","3","2021-05-09 15:06:30","2021-05-09 15:06:30"
"384","76","34","4","2021-05-09 15:06:30","2021-05-09 15:06:30"
"385","77","30","0","2021-05-09 15:06:30","2021-05-09 15:06:30"
"386","77","31","1","2021-05-09 15:06:30","2021-05-09 15:06:30"
"387","77","32","2","2021-05-09 15:06:30","2021-05-09 15:06:30"
"388","77","33","3","2021-05-09 15:06:30","2021-05-09 15:06:30"
"389","77","34","4","2021-05-09 15:06:30","2021-05-09 15:06:30"
"390","78","35","0","2021-05-09 15:06:30","2021-05-09 15:06:30"
"391","78","36","1","2021-05-09 15:06:30","2021-05-09 15:06:30"
"392","78","37","2","2021-05-09 15:06:30","2021-05-09 15:06:30"
"393","78","38","3","2021-05-09 15:06:30","2021-05-09 15:06:30"
"394","78","39","4","2021-05-09 15:06:30","2021-05-09 15:06:30"
"395","78","40","5","2021-05-09 15:06:30","2021-05-09 15:06:30"
"396","79","35","0","2021-05-09 15:06:30","2021-05-09 15:06:30"
"397","79","36","1","2021-05-09 15:06:30","2021-05-09 15:06:30"
"398","79","37","2","2021-05-09 15:06:30","2021-05-09 15:06:30"
"399","79","38","3","2021-05-09 15:06:30","2021-05-09 15:06:30"
"400","79","39","4","2021-05-09 15:06:30","2021-05-09 15:06:30"
"401","79","40","5","2021-05-09 15:06:30","2021-05-09 15:06:30"
"402","80","35","0","2021-05-09 15:06:30","2021-05-09 15:06:30"
"403","80","36","1","2021-05-09 15:06:30","2021-05-09 15:06:30"
"404","80","37","2","2021-05-09 15:06:30","2021-05-09 15:06:30"
"405","80","38","3","2021-05-09 15:06:30","2021-05-09 15:06:30"
"406","80","39","4","2021-05-09 15:06:30","2021-05-09 15:06:30"
"407","80","40","5","2021-05-09 15:06:30","2021-05-09 15:06:30"
"408","81","35","0","2021-05-09 15:06:30","2021-05-09 15:06:30"
"409","81","36","1","2021-05-09 15:06:30","2021-05-09 15:06:30"
"410","81","37","2","2021-05-09 15:06:30","2021-05-09 15:06:30"
"411","81","38","3","2021-05-09 15:06:30","2021-05-09 15:06:30"
"412","81","39","4","2021-05-09 15:06:30","2021-05-09 15:06:30"
"413","81","40","5","2021-05-09 15:06:30","2021-05-09 15:06:30"
"414","82","35","0","2021-05-09 15:06:30","2021-05-09 15:06:30"
"415","82","36","1","2021-05-09 15:06:30","2021-05-09 15:06:30"
"416","82","37","2","2021-05-09 15:06:30","2021-05-09 15:06:30"
"417","82","38","3","2021-05-09 15:06:30","2021-05-09 15:06:30"
"418","82","39","4","2021-05-09 15:06:30","2021-05-09 15:06:30"
"419","82","40","5","2021-05-09 15:06:30","2021-05-09 15:06:30"
"420","83","35","0","2021-05-09 15:06:30","2021-05-09 15:06:30"
"421","83","36","1","2021-05-09 15:06:30","2021-05-09 15:06:30"
"422","83","37","2","2021-05-09 15:06:30","2021-05-09 15:06:30"
"423","83","38","3","2021-05-09 15:06:30","2021-05-09 15:06:30"
"424","83","39","4","2021-05-09 15:06:30","2021-05-09 15:06:30"
"425","83","40","5","2021-05-09 15:06:30","2021-05-09 15:06:30"
"426","84","35","0","2021-05-09 15:06:30","2021-05-09 15:06:30"
"427","84","36","1","2021-05-09 15:06:30","2021-05-09 15:06:30"
"428","84","37","2","2021-05-09 15:06:30","2021-05-09 15:06:30"
"429","84","38","3","2021-05-09 15:06:30","2021-05-09 15:06:30"
"430","84","39","4","2021-05-09 15:06:30","2021-05-09 15:06:30"
"431","84","40","5","2021-05-09 15:06:30","2021-05-09 15:06:30"
"432","85","35","0","2021-05-09 15:06:30","2021-05-09 15:06:30"
"433","85","36","1","2021-05-09 15:06:30","2021-05-09 15:06:30"
"434","85","37","2","2021-05-09 15:06:30","2021-05-09 15:06:30"
"435","85","38","3","2021-05-09 15:06:30","2021-05-09 15:06:30"
"436","85","39","4","2021-05-09 15:06:30","2021-05-09 15:06:30"
"437","85","40","5","2021-05-09 15:06:30","2021-05-09 15:06:30"
"438","86","35","0","2021-05-09 15:06:30","2021-05-09 15:06:30"
"439","86","36","1","2021-05-09 15:06:30","2021-05-09 15:06:30"
"440","86","37","2","2021-05-09 15:06:30","2021-05-09 15:06:30"
"441","86","38","3","2021-05-09 15:06:30","2021-05-09 15:06:30"
"442","86","39","4","2021-05-09 15:06:30","2021-05-09 15:06:30"
"443","86","40","5","2021-05-09 15:06:30","2021-05-09 15:06:30"
"444","87","35","0","2021-05-09 15:06:30","2021-05-09 15:06:30"
"445","87","36","1","2021-05-09 15:06:30","2021-05-09 15:06:30"
"446","87","37","2","2021-05-09 15:06:30","2021-05-09 15:06:30"
"447","87","38","3","2021-05-09 15:06:30","2021-05-09 15:06:30"
"448","87","39","4","2021-05-09 15:06:30","2021-05-09 15:06:30"
"449","87","40","5","2021-05-09 15:06:30","2021-05-09 15:06:30"
"450","88","35","0","2021-05-09 15:06:30","2021-05-09 15:06:30"
"451","88","36","1","2021-05-09 15:06:30","2021-05-09 15:06:30"
"452","88","37","2","2021-05-09 15:06:30","2021-05-09 15:06:30"
"453","88","38","3","2021-05-09 15:06:30","2021-05-09 15:06:30"
"454","88","39","4","2021-05-09 15:06:30","2021-05-09 15:06:30"
"455","88","40","5","2021-05-09 15:06:30","2021-05-09 15:06:30"
"456","89","35","0","2021-05-09 15:06:30","2021-05-09 15:06:30"
"457","89","36","1","2021-05-09 15:06:30","2021-05-09 15:06:30"
"458","89","37","2","2021-05-09 15:06:30","2021-05-09 15:06:30"
"459","89","38","3","2021-05-09 15:06:30","2021-05-09 15:06:30"
"460","89","39","4","2021-05-09 15:06:30","2021-05-09 15:06:30"
"461","89","40","5","2021-05-09 15:06:30","2021-05-09 15:06:30"
"462","90","35","0","2021-05-09 15:06:30","2021-05-09 15:06:30"
"463","90","36","1","2021-05-09 15:06:30","2021-05-09 15:06:30"
"464","90","37","2","2021-05-09 15:06:30","2021-05-09 15:06:30"
"465","90","38","3","2021-05-09 15:06:30","2021-05-09 15:06:30"
"466","90","39","4","2021-05-09 15:06:30","2021-05-09 15:06:30"
"467","90","40","5","2021-05-09 15:06:30","2021-05-09 15:06:30"
"468","91","35","0","2021-05-09 15:06:30","2021-05-09 15:06:30"
"469","91","36","1","2021-05-09 15:06:30","2021-05-09 15:06:30"
"470","91","37","2","2021-05-09 15:06:30","2021-05-09 15:06:30"
"471","91","38","3","2021-05-09 15:06:30","2021-05-09 15:06:30"
"472","91","39","4","2021-05-09 15:06:30","2021-05-09 15:06:30"
"473","91","40","5","2021-05-09 15:06:30","2021-05-09 15:06:30"
"474","92","35","0","2021-05-09 15:06:30","2021-05-09 15:06:30"
"475","92","36","1","2021-05-09 15:06:30","2021-05-09 15:06:30"
"476","92","37","2","2021-05-09 15:06:30","2021-05-09 15:06:30"
"477","92","38","3","2021-05-09 15:06:30","2021-05-09 15:06:30"
"478","92","39","4","2021-05-09 15:06:30","2021-05-09 15:06:30"
"479","92","40","5","2021-05-09 15:06:30","2021-05-09 15:06:30"
"480","93","35","0","2021-05-09 15:06:30","2021-05-09 15:06:30"
"481","93","36","1","2021-05-09 15:06:30","2021-05-09 15:06:30"
"482","93","37","2","2021-05-09 15:06:30","2021-05-09 15:06:30"
"483","93","38","3","2021-05-09 15:06:30","2021-05-09 15:06:30"
"484","93","39","4","2021-05-09 15:06:30","2021-05-09 15:06:30"
"485","93","40","5","2021-05-09 15:06:30","2021-05-09 15:06:30"
"486","94","35","0","2021-05-09 15:06:30","2021-05-09 15:06:30"
"487","94","36","1","2021-05-09 15:06:30","2021-05-09 15:06:30"
"488","94","37","2","2021-05-09 15:06:30","2021-05-09 15:06:30"
"489","94","38","3","2021-05-09 15:06:30","2021-05-09 15:06:30"
"490","94","39","4","2021-05-09 15:06:30","2021-05-09 15:06:30"
"491","94","40","5","2021-05-09 15:06:30","2021-05-09 15:06:30"
"492","95","35","0","2021-05-09 15:06:30","2021-05-09 15:06:30"
"493","95","36","1","2021-05-09 15:06:30","2021-05-09 15:06:30"
"494","95","37","2","2021-05-09 15:06:30","2021-05-09 15:06:30"
"495","95","38","3","2021-05-09 15:06:30","2021-05-09 15:06:30"
"496","95","39","4","2021-05-09 15:06:30","2021-05-09 15:06:30"
"497","95","40","5","2021-05-09 15:06:30","2021-05-09 15:06:30"
"498","96","35","0","2021-05-09 15:06:30","2021-05-09 15:06:30"
"499","96","36","1","2021-05-09 15:06:30","2021-05-09 15:06:30"
"500","96","37","2","2021-05-09 15:06:30","2021-05-09 15:06:30"
"501","96","38","3","2021-05-09 15:06:30","2021-05-09 15:06:30"
"502","96","39","4","2021-05-09 15:06:30","2021-05-09 15:06:30"
"503","96","40","5","2021-05-09 15:06:30","2021-05-09 15:06:30"
"504","97","35","0","2021-05-09 15:06:30","2021-05-09 15:06:30"
"505","97","36","1","2021-05-09 15:06:30","2021-05-09 15:06:30"
"506","97","37","2","2021-05-09 15:06:30","2021-05-09 15:06:30"
"507","97","38","3","2021-05-09 15:06:30","2021-05-09 15:06:30"
"508","97","39","4","2021-05-09 15:06:30","2021-05-09 15:06:30"
"509","97","40","5","2021-05-09 15:06:30","2021-05-09 15:06:30"
"510","98","41","0","2021-05-09 15:06:30","2021-05-09 15:06:30"
"511","98","42","1","2021-05-09 15:06:30","2021-05-09 15:06:30"
"512","98","43","2","2021-05-09 15:06:30","2021-05-09 15:06:30"
"513","98","44","3","2021-05-09 15:06:30","2021-05-09 15:06:30"
"514","99","41","0","2021-05-09 15:06:30","2021-05-09 15:06:30"
"515","99","42","1","2021-05-09 15:06:30","2021-05-09 15:06:30"
"516","99","43","2","2021-05-09 15:06:30","2021-05-09 15:06:30"
"517","99","44","3","2021-05-09 15:06:30","2021-05-09 15:06:30"
"518","100","41","0","2021-05-09 15:06:30","2021-05-09 15:06:30"
"519","100","42","1","2021-05-09 15:06:30","2021-05-09 15:06:30"
"520","100","43","2","2021-05-09 15:06:30","2021-05-09 15:06:30"
"521","100","44","3","2021-05-09 15:06:30","2021-05-09 15:06:30"
"522","101","41","0","2021-05-09 15:06:30","2021-05-09 15:06:30"
"523","101","42","1","2021-05-09 15:06:30","2021-05-09 15:06:30"
"524","101","43","2","2021-05-09 15:06:30","2021-05-09 15:06:30"
"525","101","44","3","2021-05-09 15:06:30","2021-05-09 15:06:30"
"526","102","41","0","2021-05-09 15:06:30","2021-05-09 15:06:30"
"527","102","42","1","2021-05-09 15:06:30","2021-05-09 15:06:30"
"528","102","43","2","2021-05-09 15:06:30","2021-05-09 15:06:30"
"529","102","44","3","2021-05-09 15:06:30","2021-05-09 15:06:30"
"530","103","41","0","2021-05-09 15:06:30","2021-05-09 15:06:30"
"531","103","42","1","2021-05-09 15:06:30","2021-05-09 15:06:30"
"532","103","43","2","2021-05-09 15:06:30","2021-05-09 15:06:30"
"533","103","44","3","2021-05-09 15:06:30","2021-05-09 15:06:30"
"534","104","41","0","2021-05-09 15:06:30","2021-05-09 15:06:30"
"535","104","42","1","2021-05-09 15:06:30","2021-05-09 15:06:30"
"536","104","43","2","2021-05-09 15:06:30","2021-05-09 15:06:30"
"537","104","44","3","2021-05-09 15:06:30","2021-05-09 15:06:30"
"538","105","41","0","2021-05-09 15:06:30","2021-05-09 15:06:30"
"539","105","42","1","2021-05-09 15:06:30","2021-05-09 15:06:30"
"540","105","43","2","2021-05-09 15:06:30","2021-05-09 15:06:30"
"541","105","44","3","2021-05-09 15:06:30","2021-05-09 15:06:30"
"542","106","41","0","2021-05-09 15:06:30","2021-05-09 15:06:30"
"543","106","42","1","2021-05-09 15:06:30","2021-05-09 15:06:30"
"544","106","43","2","2021-05-09 15:06:30","2021-05-09 15:06:30"
"545","106","44","3","2021-05-09 15:06:30","2021-05-09 15:06:30"
"546","107","41","0","2021-05-09 15:06:30","2021-05-09 15:06:30"
"547","107","42","1","2021-05-09 15:06:30","2021-05-09 15:06:30"
"548","107","43","2","2021-05-09 15:06:30","2021-05-09 15:06:30"
"549","107","44","3","2021-05-09 15:06:30","2021-05-09 15:06:30"
"550","108","41","0","2021-05-09 15:06:30","2021-05-09 15:06:30"
"551","108","42","1","2021-05-09 15:06:30","2021-05-09 15:06:30"
"552","108","43","2","2021-05-09 15:06:30","2021-05-09 15:06:30"
"553","108","44","3","2021-05-09 15:06:30","2021-05-09 15:06:30"
"554","109","41","0","2021-05-09 15:06:30","2021-05-09 15:06:30"
"555","109","42","1","2021-05-09 15:06:30","2021-05-09 15:06:30"
"556","109","43","2","2021-05-09 15:06:30","2021-05-09 15:06:30"
"557","109","44","3","2021-05-09 15:06:30","2021-05-09 15:06:30"
"558","110","41","0","2021-05-09 15:06:30","2021-05-09 15:06:30"
"559","110","42","1","2021-05-09 15:06:30","2021-05-09 15:06:30"
"560","110","43","2","2021-05-09 15:06:30","2021-05-09 15:06:30"
"561","110","44","3","2021-05-09 15:06:30","2021-05-09 15:06:30"
"562","111","41","0","2021-05-09 15:06:30","2021-05-09 15:06:30"
"563","111","42","1","2021-05-09 15:06:30","2021-05-09 15:06:30"
"564","111","43","2","2021-05-09 15:06:30","2021-05-09 15:06:30"
"565","111","44","3","2021-05-09 15:06:30","2021-05-09 15:06:30"
"566","112","41","0","2021-05-09 15:06:30","2021-05-09 15:06:30"
"567","112","42","1","2021-05-09 15:06:30","2021-05-09 15:06:30"
"568","112","43","2","2021-05-09 15:06:30","2021-05-09 15:06:30"
"569","112","44","3","2021-05-09 15:06:30","2021-05-09 15:06:30"
"570","113","41","0","2021-05-09 15:06:30","2021-05-09 15:06:30"
"571","113","42","1","2021-05-09 15:06:30","2021-05-09 15:06:30"
"572","113","43","2","2021-05-09 15:06:30","2021-05-09 15:06:30"
"573","113","44","3","2021-05-09 15:06:30","2021-05-09 15:06:30"
"574","114","41","0","2021-05-09 15:06:30","2021-05-09 15:06:30"
"575","114","42","1","2021-05-09 15:06:30","2021-05-09 15:06:30"
"576","114","43","2","2021-05-09 15:06:30","2021-05-09 15:06:30"
"577","114","44","3","2021-05-09 15:06:30","2021-05-09 15:06:30"
"578","115","41","0","2021-05-09 15:06:30","2021-05-09 15:06:30"
"579","115","42","1","2021-05-09 15:06:30","2021-05-09 15:06:30"
"580","115","43","2","2021-05-09 15:06:30","2021-05-09 15:06:30"
"581","115","44","3","2021-05-09 15:06:30","2021-05-09 15:06:30"
"582","116","41","0","2021-05-09 15:06:30","2021-05-09 15:06:30"
"583","116","42","1","2021-05-09 15:06:30","2021-05-09 15:06:30"
"584","116","43","2","2021-05-09 15:06:30","2021-05-09 15:06:30"
"585","116","44","3","2021-05-09 15:06:30","2021-05-09 15:06:30"
"586","117","41","0","2021-05-09 15:06:30","2021-05-09 15:06:30"
"587","117","42","1","2021-05-09 15:06:30","2021-05-09 15:06:30"
"588","117","43","2","2021-05-09 15:06:30","2021-05-09 15:06:30"
"589","117","44","3","2021-05-09 15:06:30","2021-05-09 15:06:30"
"590","118","41","0","2021-05-09 15:06:30","2021-05-09 15:06:30"
"591","118","42","1","2021-05-09 15:06:30","2021-05-09 15:06:30"
"592","118","43","2","2021-05-09 15:06:30","2021-05-09 15:06:30"
"593","118","44","3","2021-05-09 15:06:30","2021-05-09 15:06:30"
"594","119","41","0","2021-05-09 15:06:30","2021-05-09 15:06:30"
"595","119","42","1","2021-05-09 15:06:30","2021-05-09 15:06:30"
"596","119","43","2","2021-05-09 15:06:30","2021-05-09 15:06:30"
"597","119","44","3","2021-05-09 15:06:30","2021-05-09 15:06:30"
"598","120","41","0","2021-05-09 15:06:30","2021-05-09 15:06:30"
"599","120","42","1","2021-05-09 15:06:30","2021-05-09 15:06:30"
"600","120","43","2","2021-05-09 15:06:30","2021-05-09 15:06:30"
"601","120","44","3","2021-05-09 15:06:30","2021-05-09 15:06:30"
"602","121","41","0","2021-05-09 15:06:30","2021-05-09 15:06:30"
"603","121","42","1","2021-05-09 15:06:30","2021-05-09 15:06:30"
"604","121","43","2","2021-05-09 15:06:30","2021-05-09 15:06:30"
"605","121","44","3","2021-05-09 15:06:30","2021-05-09 15:06:30"
"606","122","41","0","2021-05-09 15:06:30","2021-05-09 15:06:30"
"607","122","42","1","2021-05-09 15:06:30","2021-05-09 15:06:30"
"608","122","43","2","2021-05-09 15:06:30","2021-05-09 15:06:30"
"609","122","44","3","2021-05-09 15:06:30","2021-05-09 15:06:30"
"610","123","41","0","2021-05-09 15:06:30","2021-05-09 15:06:30"
"611","123","42","1","2021-05-09 15:06:30","2021-05-09 15:06:30"
"612","123","43","2","2021-05-09 15:06:30","2021-05-09 15:06:30"
"613","123","44","3","2021-05-09 15:06:30","2021-05-09 15:06:30"
"614","124","41","0","2021-05-09 15:06:30","2021-05-09 15:06:30"
"615","124","42","1","2021-05-09 15:06:30","2021-05-09 15:06:30"
"616","124","43","2","2021-05-09 15:06:30","2021-05-09 15:06:30"
"617","124","44","3","2021-05-09 15:06:30","2021-05-09 15:06:30"
"618","125","41","0","2021-05-09 15:06:30","2021-05-09 15:06:30"
"619","125","42","1","2021-05-09 15:06:30","2021-05-09 15:06:30"
"620","125","43","2","2021-05-09 15:06:30","2021-05-09 15:06:30"
"621","125","44","3","2021-05-09 15:06:30","2021-05-09 15:06:30"
"622","126","41","0","2021-05-09 15:06:30","2021-05-09 15:06:30"
"623","126","42","1","2021-05-09 15:06:30","2021-05-09 15:06:30"
"624","126","43","2","2021-05-09 15:06:30","2021-05-09 15:06:30"
"625","126","44","3","2021-05-09 15:06:30","2021-05-09 15:06:30"
"626","127","41","0","2021-05-09 15:06:30","2021-05-09 15:06:30"
"627","127","42","1","2021-05-09 15:06:30","2021-05-09 15:06:30"
"628","127","43","2","2021-05-09 15:06:30","2021-05-09 15:06:30"
"629","127","44","3","2021-05-09 15:06:30","2021-05-09 15:06:30"
"630","128","41","0","2021-05-09 15:06:30","2021-05-09 15:06:30"
"631","128","42","1","2021-05-09 15:06:30","2021-05-09 15:06:30"
"632","128","43","2","2021-05-09 15:06:30","2021-05-09 15:06:30"
"633","128","44","3","2021-05-09 15:06:30","2021-05-09 15:06:30"
"634","129","41","0","2021-05-09 15:06:30","2021-05-09 15:06:30"
"635","129","42","1","2021-05-09 15:06:30","2021-05-09 15:06:30"
"636","129","43","2","2021-05-09 15:06:30","2021-05-09 15:06:30"
"637","129","44","3","2021-05-09 15:06:30","2021-05-09 15:06:30"
"638","130","41","0","2021-05-09 15:06:30","2021-05-09 15:06:30"
"639","130","42","1","2021-05-09 15:06:30","2021-05-09 15:06:30"
"640","130","43","2","2021-05-09 15:06:30","2021-05-09 15:06:30"
"641","130","44","3","2021-05-09 15:06:30","2021-05-09 15:06:30"
"642","131","41","0","2021-05-09 15:06:30","2021-05-09 15:06:30"
"643","131","42","1","2021-05-09 15:06:30","2021-05-09 15:06:30"
"644","131","43","2","2021-05-09 15:06:30","2021-05-09 15:06:30"
"645","131","44","3","2021-05-09 15:06:30","2021-05-09 15:06:30"
"646","132","41","0","2021-05-09 15:06:30","2021-05-09 15:06:30"
"647","132","42","1","2021-05-09 15:06:30","2021-05-09 15:06:30"
"648","132","43","2","2021-05-09 15:06:30","2021-05-09 15:06:30"
"649","132","44","3","2021-05-09 15:06:30","2021-05-09 15:06:30"
"650","133","41","0","2021-05-09 15:06:30","2021-05-09 15:06:30"
"651","133","42","1","2021-05-09 15:06:30","2021-05-09 15:06:30"
"652","133","43","2","2021-05-09 15:06:30","2021-05-09 15:06:30"
"653","133","44","3","2021-05-09 15:06:30","2021-05-09 15:06:30"
"654","134","41","0","2021-05-09 15:06:30","2021-05-09 15:06:30"
"655","134","42","1","2021-05-09 15:06:30","2021-05-09 15:06:30"
"656","134","43","2","2021-05-09 15:06:30","2021-05-09 15:06:30"
"657","134","44","3","2021-05-09 15:06:30","2021-05-09 15:06:30"
"658","135","41","0","2021-05-09 15:06:30","2021-05-09 15:06:30"
"659","135","42","1","2021-05-09 15:06:30","2021-05-09 15:06:30"
"660","135","43","2","2021-05-09 15:06:30","2021-05-09 15:06:30"
"661","135","44","3","2021-05-09 15:06:30","2021-05-09 15:06:30"
"662","136","41","0","2021-05-09 15:06:30","2021-05-09 15:06:30"
"663","136","42","1","2021-05-09 15:06:30","2021-05-09 15:06:30"
"664","136","43","2","2021-05-09 15:06:30","2021-05-09 15:06:30"
"665","136","44","3","2021-05-09 15:06:30","2021-05-09 15:06:30"
"666","137","41","0","2021-05-09 15:06:30","2021-05-09 15:06:30"
"667","137","42","1","2021-05-09 15:06:30","2021-05-09 15:06:30"
"668","137","43","2","2021-05-09 15:06:30","2021-05-09 15:06:30"
"669","137","44","3","2021-05-09 15:06:30","2021-05-09 15:06:30"
"670","138","45","0","2021-05-09 15:06:30","2021-05-09 15:06:30"
"671","138","46","1","2021-05-09 15:06:30","2021-05-09 15:06:30"
"672","138","47","2","2021-05-09 15:06:30","2021-05-09 15:06:30"
"673","138","48","3","2021-05-09 15:06:30","2021-05-09 15:06:30"
"674","139","49","0","2021-05-09 15:06:30","2021-05-09 15:06:30"
"675","139","50","1","2021-05-09 15:06:30","2021-05-09 15:06:30"
"676","140","51","0","2021-05-09 15:06:30","2021-05-09 15:06:30"
"677","140","52","1","2021-05-09 15:06:30","2021-05-09 15:06:30"
"678","141","53","0","2021-05-09 15:06:30","2021-05-09 15:06:30"
"679","141","54","1","2021-05-09 15:06:30","2021-05-09 15:06:30"
"680","141","55","2","2021-05-09 15:06:30","2021-05-09 15:06:30"
"681","141","56","3","2021-05-09 15:06:30","2021-05-09 15:06:30"
"682","142","49","0","2021-05-09 15:06:30","2021-05-09 15:06:30"
"683","142","50","1","2021-05-09 15:06:30","2021-05-09 15:06:30"
"684","143","49","0","2021-05-09 15:06:30","2021-05-09 15:06:30"
"685","143","50","1","2021-05-09 15:06:30","2021-05-09 15:06:30"
"686","144","57","1","2021-05-09 15:06:30","2021-05-09 15:06:30"
"687","144","58","2","2021-05-09 15:06:30","2021-05-09 15:06:30"
"688","144","59","3","2021-05-09 15:06:30","2021-05-09 15:06:30"
"689","144","60","4","2021-05-09 15:06:30","2021-05-09 15:06:30"
"690","144","61","5","2021-05-09 15:06:30","2021-05-09 15:06:30"
"691","145","57","1","2021-05-09 15:06:30","2021-05-09 15:06:30"
"692","145","58","2","2021-05-09 15:06:30","2021-05-09 15:06:30"
"693","145","59","3","2021-05-09 15:06:30","2021-05-09 15:06:30"
"694","145","60","4","2021-05-09 15:06:30","2021-05-09 15:06:30"
"695","145","61","5","2021-05-09 15:06:30","2021-05-09 15:06:30"
"696","146","57","1","2021-05-09 15:06:30","2021-05-09 15:06:30"
"697","146","58","2","2021-05-09 15:06:30","2021-05-09 15:06:30"
"698","146","59","3","2021-05-09 15:06:30","2021-05-09 15:06:30"
"699","146","60","4","2021-05-09 15:06:30","2021-05-09 15:06:30"
"700","146","61","5","2021-05-09 15:06:30","2021-05-09 15:06:30"
"701","147","57","1","2021-05-09 15:06:30","2021-05-09 15:06:30"
"702","147","58","2","2021-05-09 15:06:30","2021-05-09 15:06:30"
"703","147","59","3","2021-05-09 15:06:30","2021-05-09 15:06:30"
"704","147","60","4","2021-05-09 15:06:30","2021-05-09 15:06:30"
"705","147","61","5","2021-05-09 15:06:30","2021-05-09 15:06:30"
"706","148","57","1","2021-05-09 15:06:30","2021-05-09 15:06:30"
"707","148","58","2","2021-05-09 15:06:30","2021-05-09 15:06:30"
"708","148","59","3","2021-05-09 15:06:30","2021-05-09 15:06:30"
"709","148","60","4","2021-05-09 15:06:30","2021-05-09 15:06:30"
"710","148","61","5","2021-05-09 15:06:30","2021-05-09 15:06:30"
"711","149","57","1","2021-05-09 15:06:30","2021-05-09 15:06:30"
"712","149","58","2","2021-05-09 15:06:30","2021-05-09 15:06:30"
"713","149","59","3","2021-05-09 15:06:30","2021-05-09 15:06:30"
"714","149","60","4","2021-05-09 15:06:30","2021-05-09 15:06:30"
"715","149","61","5","2021-05-09 15:06:30","2021-05-09 15:06:30"
"716","150","57","1","2021-05-09 15:06:30","2021-05-09 15:06:30"
"717","150","58","2","2021-05-09 15:06:30","2021-05-09 15:06:30"
"718","150","59","3","2021-05-09 15:06:30","2021-05-09 15:06:30"
"719","150","60","4","2021-05-09 15:06:30","2021-05-09 15:06:30"
"720","150","61","5","2021-05-09 15:06:30","2021-05-09 15:06:30"
"721","151","57","1","2021-05-09 15:06:30","2021-05-09 15:06:30"
"722","151","58","2","2021-05-09 15:06:30","2021-05-09 15:06:30"
"723","151","59","3","2021-05-09 15:06:30","2021-05-09 15:06:30"
"724","151","60","4","2021-05-09 15:06:30","2021-05-09 15:06:30"
"725","151","61","5","2021-05-09 15:06:30","2021-05-09 15:06:30"
"726","152","57","1","2021-05-09 15:06:30","2021-05-09 15:06:30"
"727","152","58","2","2021-05-09 15:06:30","2021-05-09 15:06:30"
"728","152","59","3","2021-05-09 15:06:30","2021-05-09 15:06:30"
"729","152","60","4","2021-05-09 15:06:30","2021-05-09 15:06:30"
"730","152","61","5","2021-05-09 15:06:30","2021-05-09 15:06:30"
"731","153","57","1","2021-05-09 15:06:30","2021-05-09 15:06:30"
"732","153","58","2","2021-05-09 15:06:30","2021-05-09 15:06:30"
"733","153","59","3","2021-05-09 15:06:30","2021-05-09 15:06:30"
"734","153","60","4","2021-05-09 15:06:30","2021-05-09 15:06:30"
"735","153","61","5","2021-05-09 15:06:30","2021-05-09 15:06:30"
"736","154","57","1","2021-05-09 15:06:30","2021-05-09 15:06:30"
"737","154","58","2","2021-05-09 15:06:30","2021-05-09 15:06:30"
"738","154","59","3","2021-05-09 15:06:30","2021-05-09 15:06:30"
"739","154","60","4","2021-05-09 15:06:30","2021-05-09 15:06:30"
"740","154","61","5","2021-05-09 15:06:30","2021-05-09 15:06:30"
"741","155","57","1","2021-05-09 15:06:30","2021-05-09 15:06:30"
"742","155","58","2","2021-05-09 15:06:30","2021-05-09 15:06:30"
"743","155","59","3","2021-05-09 15:06:30","2021-05-09 15:06:30"
"744","155","60","4","2021-05-09 15:06:30","2021-05-09 15:06:30"
"745","155","61","5","2021-05-09 15:06:30","2021-05-09 15:06:30"
"746","156","57","1","2021-05-09 15:06:30","2021-05-09 15:06:30"
"747","156","58","2","2021-05-09 15:06:30","2021-05-09 15:06:30"
"748","156","59","3","2021-05-09 15:06:30","2021-05-09 15:06:30"
"749","156","60","4","2021-05-09 15:06:30","2021-05-09 15:06:30"
"750","156","61","5","2021-05-09 15:06:30","2021-05-09 15:06:30"
"751","157","57","1","2021-05-09 15:06:30","2021-05-09 15:06:30"
"752","157","58","2","2021-05-09 15:06:30","2021-05-09 15:06:30"
"753","157","59","3","2021-05-09 15:06:30","2021-05-09 15:06:30"
"754","157","60","4","2021-05-09 15:06:30","2021-05-09 15:06:30"
"755","157","61","5","2021-05-09 15:06:30","2021-05-09 15:06:30"
"756","158","57","1","2021-05-09 15:06:30","2021-05-09 15:06:30"
"757","158","58","2","2021-05-09 15:06:30","2021-05-09 15:06:30"
"758","158","59","3","2021-05-09 15:06:30","2021-05-09 15:06:30"
"759","158","60","4","2021-05-09 15:06:30","2021-05-09 15:06:30"
"760","158","61","5","2021-05-09 15:06:30","2021-05-09 15:06:30"
"761","159","57","1","2021-05-09 15:06:30","2021-05-09 15:06:30"
"762","159","58","2","2021-05-09 15:06:30","2021-05-09 15:06:30"
"763","159","59","3","2021-05-09 15:06:30","2021-05-09 15:06:30"
"764","159","60","4","2021-05-09 15:06:30","2021-05-09 15:06:30"
"765","159","61","5","2021-05-09 15:06:30","2021-05-09 15:06:30"
"766","160","57","1","2021-05-09 15:06:30","2021-05-09 15:06:30"
"767","160","58","2","2021-05-09 15:06:30","2021-05-09 15:06:30"
"768","160","59","3","2021-05-09 15:06:30","2021-05-09 15:06:30"
"769","160","60","4","2021-05-09 15:06:30","2021-05-09 15:06:30"
"770","160","61","5","2021-05-09 15:06:30","2021-05-09 15:06:30"
"771","161","57","1","2021-05-09 15:06:30","2021-05-09 15:06:30"
"772","161","58","2","2021-05-09 15:06:30","2021-05-09 15:06:30"
"773","161","59","3","2021-05-09 15:06:30","2021-05-09 15:06:30"
"774","161","60","4","2021-05-09 15:06:30","2021-05-09 15:06:30"
"775","161","61","5","2021-05-09 15:06:30","2021-05-09 15:06:30"
"776","162","57","1","2021-05-09 15:06:30","2021-05-09 15:06:30"
"777","162","58","2","2021-05-09 15:06:30","2021-05-09 15:06:30"
"778","162","59","3","2021-05-09 15:06:30","2021-05-09 15:06:30"
"779","162","60","4","2021-05-09 15:06:30","2021-05-09 15:06:30"
"780","162","61","5","2021-05-09 15:06:30","2021-05-09 15:06:30"
"781","163","57","1","2021-05-09 15:06:30","2021-05-09 15:06:30"
"782","163","58","2","2021-05-09 15:06:30","2021-05-09 15:06:30"
"783","163","59","3","2021-05-09 15:06:30","2021-05-09 15:06:30"
"784","163","60","4","2021-05-09 15:06:30","2021-05-09 15:06:30"
"785","163","61","5","2021-05-09 15:06:30","2021-05-09 15:06:30"
"786","164","57","1","2021-05-09 15:06:30","2021-05-09 15:06:30"
"787","164","58","2","2021-05-09 15:06:30","2021-05-09 15:06:30"
"788","164","59","3","2021-05-09 15:06:30","2021-05-09 15:06:30"
"789","164","60","4","2021-05-09 15:06:30","2021-05-09 15:06:30"
"790","164","61","5","2021-05-09 15:06:30","2021-05-09 15:06:30"
"791","165","57","1","2021-05-09 15:06:30","2021-05-09 15:06:30"
"792","165","58","2","2021-05-09 15:06:30","2021-05-09 15:06:30"
"793","165","59","3","2021-05-09 15:06:30","2021-05-09 15:06:30"
"794","165","60","4","2021-05-09 15:06:30","2021-05-09 15:06:30"
"795","165","61","5","2021-05-09 15:06:30","2021-05-09 15:06:30"
"796","166","57","1","2021-05-09 15:06:30","2021-05-09 15:06:30"
"797","166","58","2","2021-05-09 15:06:30","2021-05-09 15:06:30"
"798","166","59","3","2021-05-09 15:06:30","2021-05-09 15:06:30"
"799","166","60","4","2021-05-09 15:06:30","2021-05-09 15:06:30"
"800","166","61","5","2021-05-09 15:06:30","2021-05-09 15:06:30"
"801","167","57","1","2021-05-09 15:06:30","2021-05-09 15:06:30"
"802","167","58","2","2021-05-09 15:06:30","2021-05-09 15:06:30"
"803","167","59","3","2021-05-09 15:06:30","2021-05-09 15:06:30"
"804","167","60","4","2021-05-09 15:06:30","2021-05-09 15:06:30"
"805","167","61","5","2021-05-09 15:06:30","2021-05-09 15:06:30"
"806","168","57","1","2021-05-09 15:06:30","2021-05-09 15:06:30"
"807","168","58","2","2021-05-09 15:06:30","2021-05-09 15:06:30"
"808","168","59","3","2021-05-09 15:06:30","2021-05-09 15:06:30"
"809","168","60","4","2021-05-09 15:06:30","2021-05-09 15:06:30"
"810","168","61","5","2021-05-09 15:06:30","2021-05-09 15:06:30"
"811","169","57","1","2021-05-09 15:06:30","2021-05-09 15:06:30"
"812","169","58","2","2021-05-09 15:06:30","2021-05-09 15:06:30"
"813","169","59","3","2021-05-09 15:06:30","2021-05-09 15:06:30"
"814","169","60","4","2021-05-09 15:06:30","2021-05-09 15:06:30"
"815","169","61","5","2021-05-09 15:06:30","2021-05-09 15:06:30"
"816","170","49","0","2021-05-09 15:06:30","2021-05-09 15:06:30"
"817","170","50","1","2021-05-09 15:06:30","2021-05-09 15:06:30"
"818","171","49","0","2021-05-09 15:06:30","2021-05-09 15:06:30"
"819","171","50","1","2021-05-09 15:06:30","2021-05-09 15:06:30"
"820","172","49","0","2021-05-09 15:06:30","2021-05-09 15:06:30"
"821","172","50","1","2021-05-09 15:06:30","2021-05-09 15:06:30"
"822","173","49","0","2021-05-09 15:06:30","2021-05-09 15:06:30"
"823","173","50","1","2021-05-09 15:06:30","2021-05-09 15:06:30"
"824","174","49","0","2021-05-09 15:06:30","2021-05-09 15:06:30"
"825","174","50","1","2021-05-09 15:06:30","2021-05-09 15:06:30"
"826","175","49","0","2021-05-09 15:06:30","2021-05-09 15:06:30"
"827","175","50","1","2021-05-09 15:06:30","2021-05-09 15:06:30"
"828","176","49","0","2021-05-09 15:06:30","2021-05-09 15:06:30"
"829","176","50","1","2021-05-09 15:06:30","2021-05-09 15:06:30"
"830","177","49","0","2021-05-09 15:06:30","2021-05-09 15:06:30"
"831","177","50","1","2021-05-09 15:06:30","2021-05-09 15:06:30"
"832","178","49","0","2021-05-09 15:06:30","2021-05-09 15:06:30"
"833","178","50","1","2021-05-09 15:06:30","2021-05-09 15:06:30"
"834","179","49","0","2021-05-09 15:06:30","2021-05-09 15:06:30"
"835","179","50","1","2021-05-09 15:06:30","2021-05-09 15:06:30"
"836","180","49","0","2021-05-09 15:06:30","2021-05-09 15:06:30"
"837","180","50","1","2021-05-09 15:06:30","2021-05-09 15:06:30"
"838","181","49","0","2021-05-09 15:06:30","2021-05-09 15:06:30"
"839","181","50","1","2021-05-09 15:06:30","2021-05-09 15:06:30"
"840","182","49","0","2021-05-09 15:06:30","2021-05-09 15:06:30"
"841","182","50","1","2021-05-09 15:06:30","2021-05-09 15:06:30"
"842","183","49","0","2021-05-09 15:06:30","2021-05-09 15:06:30"
"843","183","50","1","2021-05-09 15:06:30","2021-05-09 15:06:30"
"844","184","49","0","2021-05-09 15:06:30","2021-05-09 15:06:30"
"845","184","50","1","2021-05-09 15:06:30","2021-05-09 15:06:30"
"846","185","49","0","2021-05-09 15:06:30","2021-05-09 15:06:30"
"847","185","50","1","2021-05-09 15:06:30","2021-05-09 15:06:30"
"848","186","49","0","2021-05-09 15:06:30","2021-05-09 15:06:30"
"849","186","50","1","2021-05-09 15:06:30","2021-05-09 15:06:30"
"850","187","49","0","2021-05-09 15:06:30","2021-05-09 15:06:30"
"851","187","50","1","2021-05-09 15:06:30","2021-05-09 15:06:30"
"852","188","49","0","2021-05-09 15:06:30","2021-05-09 15:06:30"
"853","188","50","1","2021-05-09 15:06:30","2021-05-09 15:06:30"
"854","189","49","0","2021-05-09 15:06:30","2021-05-09 15:06:30"
"855","189","50","1","2021-05-09 15:06:30","2021-05-09 15:06:30"
"856","190","49","0","2021-05-09 15:06:30","2021-05-09 15:06:30"
"857","190","50","1","2021-05-09 15:06:30","2021-05-09 15:06:30"
"858","191","49","0","2021-05-09 15:06:30","2021-05-09 15:06:30"
"859","191","50","1","2021-05-09 15:06:30","2021-05-09 15:06:30"
"860","192","49","0","2021-05-09 15:06:30","2021-05-09 15:06:30"
"861","192","50","1","2021-05-09 15:06:30","2021-05-09 15:06:30"
"862","193","49","0","2021-05-09 15:06:30","2021-05-09 15:06:30"
"863","193","50","1","2021-05-09 15:06:30","2021-05-09 15:06:30"
"864","194","49","0","2021-05-09 15:06:30","2021-05-09 15:06:30"
"865","194","50","1","2021-05-09 15:06:30","2021-05-09 15:06:30"
"866","195","49","0","2021-05-09 15:06:30","2021-05-09 15:06:30"
"867","195","50","1","2021-05-09 15:06:30","2021-05-09 15:06:30"
"868","196","49","0","2021-05-09 15:06:30","2021-05-09 15:06:30"
"869","196","50","1","2021-05-09 15:06:30","2021-05-09 15:06:30"
"870","197","49","0","2021-05-09 15:06:30","2021-05-09 15:06:30"
"871","197","50","1","2021-05-09 15:06:30","2021-05-09 15:06:30"
"872","198","49","0","2021-05-09 15:06:30","2021-05-09 15:06:30"
"873","198","50","1","2021-05-09 15:06:30","2021-05-09 15:06:30"
"874","199","62","0","2021-05-09 15:06:30","2021-05-09 15:06:30"
"875","199","63","1","2021-05-09 15:06:30","2021-05-09 15:06:30"
"876","199","64","2","2021-05-09 15:06:30","2021-05-09 15:06:30"
"877","199","65","3","2021-05-09 15:06:30","2021-05-09 15:06:30"
"878","200","66","0","2021-05-09 15:06:30","2021-05-09 15:06:30"
"879","200","67","1","2021-05-09 15:06:30","2021-05-09 15:06:30"
"880","200","68","2","2021-05-09 15:06:30","2021-05-09 15:06:30"
"881","200","69","3","2021-05-09 15:06:30","2021-05-09 15:06:30"
"882","201","70","0","2021-05-09 15:06:30","2021-05-09 15:06:30"
"883","201","71","1","2021-05-09 15:06:30","2021-05-09 15:06:30"
"884","201","72","2","2021-05-09 15:06:30","2021-05-09 15:06:30"
"885","201","73","3","2021-05-09 15:06:30","2021-05-09 15:06:30"
"886","202","74","0","2021-05-09 15:06:30","2021-05-09 15:06:30"
"887","202","75","1","2021-05-09 15:06:30","2021-05-09 15:06:30"
"888","202","76","2","2021-05-09 15:06:30","2021-05-09 15:06:30"
"889","202","77","3","2021-05-09 15:06:30","2021-05-09 15:06:30"
"890","203","78","0","2021-05-09 15:06:30","2021-05-09 15:06:30"
"891","203","79","1","2021-05-09 15:06:30","2021-05-09 15:06:30"
"892","203","80","2","2021-05-09 15:06:30","2021-05-09 15:06:30"
"893","203","81","3","2021-05-09 15:06:30","2021-05-09 15:06:30"
"894","204","82","0","2021-05-09 15:06:30","2021-05-09 15:06:30"
"895","204","83","1","2021-05-09 15:06:30","2021-05-09 15:06:30"
"896","204","84","2","2021-05-09 15:06:30","2021-05-09 15:06:30"
"897","204","85","3","2021-05-09 15:06:30","2021-05-09 15:06:30"
"898","205","86","0","2021-05-09 15:06:30","2021-05-09 15:06:30"
"899","205","87","1","2021-05-09 15:06:30","2021-05-09 15:06:30"
"900","205","88","2","2021-05-09 15:06:30","2021-05-09 15:06:30"
"901","205","89","3","2021-05-09 15:06:30","2021-05-09 15:06:30"
"902","206","90","0","2021-05-09 15:06:30","2021-05-09 15:06:30"
"903","206","91","1","2021-05-09 15:06:30","2021-05-09 15:06:30"
"904","206","92","2","2021-05-09 15:06:30","2021-05-09 15:06:30"
"905","206","93","3","2021-05-09 15:06:30","2021-05-09 15:06:30"
"906","207","94","0","2021-05-09 15:06:30","2021-05-09 15:06:30"
"907","207","95","1","2021-05-09 15:06:30","2021-05-09 15:06:30"
"908","207","96","2","2021-05-09 15:06:30","2021-05-09 15:06:30"
"909","207","97","3","2021-05-09 15:06:30","2021-05-09 15:06:30"
"910","208","98","0","2021-05-09 15:06:30","2021-05-09 15:06:30"
"911","208","99","1","2021-05-09 15:06:30","2021-05-09 15:06:30"
"912","208","100","2","2021-05-09 15:06:30","2021-05-09 15:06:30"
"913","208","101","3","2021-05-09 15:06:30","2021-05-09 15:06:30"
"914","209","102","0","2021-05-09 15:06:30","2021-05-09 15:06:30"
"915","209","103","1","2021-05-09 15:06:30","2021-05-09 15:06:30"
"916","209","104","2","2021-05-09 15:06:30","2021-05-09 15:06:30"
"917","209","105","3","2021-05-09 15:06:30","2021-05-09 15:06:30"
"918","210","106","0","2021-05-09 15:06:30","2021-05-09 15:06:30"
"919","210","107","1","2021-05-09 15:06:30","2021-05-09 15:06:30"
"920","210","108","2","2021-05-09 15:06:30","2021-05-09 15:06:30"
"921","210","109","3","2021-05-09 15:06:30","2021-05-09 15:06:30"
"922","211","110","0","2021-05-09 15:06:30","2021-05-09 15:06:30"
"923","211","111","1","2021-05-09 15:06:30","2021-05-09 15:06:30"
"924","211","112","2","2021-05-09 15:06:30","2021-05-09 15:06:30"
"925","211","113","3","2021-05-09 15:06:30","2021-05-09 15:06:30"
"926","213","114","0","2021-05-09 15:06:30","2021-05-09 15:06:30"
"927","213","115","1","2021-05-09 15:06:30","2021-05-09 15:06:30"
"928","213","116","2","2021-05-09 15:06:30","2021-05-09 15:06:30"
"929","213","117","3","2021-05-09 15:06:30","2021-05-09 15:06:30"
"930","214","118","0","2021-05-09 15:06:30","2021-05-09 15:06:30"
"931","214","119","1","2021-05-09 15:06:30","2021-05-09 15:06:30"
"932","214","120","2","2021-05-09 15:06:30","2021-05-09 15:06:30"
"933","214","121","3","2021-05-09 15:06:30","2021-05-09 15:06:30"
"934","215","122","0","2021-05-09 15:06:30","2021-05-09 15:06:30"
"935","215","123","1","2021-05-09 15:06:30","2021-05-09 15:06:30"
"936","215","124","2","2021-05-09 15:06:30","2021-05-09 15:06:30"
"937","215","125","3","2021-05-09 15:06:30","2021-05-09 15:06:30"
"938","216","126","0","2021-05-09 15:06:30","2021-05-09 15:06:30"
"939","216","127","1","2021-05-09 15:06:30","2021-05-09 15:06:30"
"940","216","128","2","2021-05-09 15:06:30","2021-05-09 15:06:30"
"941","216","129","3","2021-05-09 15:06:30","2021-05-09 15:06:30"
"942","217","130","0","2021-05-09 15:06:30","2021-05-09 15:06:30"
"943","217","131","1","2021-05-09 15:06:30","2021-05-09 15:06:30"
"944","217","132","2","2021-05-09 15:06:30","2021-05-09 15:06:30"
"945","217","133","3","2021-05-09 15:06:30","2021-05-09 15:06:30"
"946","218","134","0","2021-05-09 15:06:30","2021-05-09 15:06:30"
"947","218","135","1","2021-05-09 15:06:30","2021-05-09 15:06:30"
"948","218","136","2","2021-05-09 15:06:30","2021-05-09 15:06:30"
"949","218","137","3","2021-05-09 15:06:30","2021-05-09 15:06:30"
"950","218","138","4","2021-05-09 15:06:30","2021-05-09 15:06:30"
"951","219","139","0","2021-05-09 15:06:30","2021-05-09 15:06:30"
"952","219","140","1","2021-05-09 15:06:30","2021-05-09 15:06:30"
"953","219","141","2","2021-05-09 15:06:30","2021-05-09 15:06:30"
"954","219","142","3","2021-05-09 15:06:30","2021-05-09 15:06:30"
"955","220","143","0","2021-05-09 15:06:30","2021-05-09 15:06:30"
"956","220","144","1","2021-05-09 15:06:30","2021-05-09 15:06:30"
"957","220","145","2","2021-05-09 15:06:30","2021-05-09 15:06:30"
"958","220","146","3","2021-05-09 15:06:30","2021-05-09 15:06:30"
"988","228","155","0","2021-05-09 15:06:30","2021-05-09 15:06:30"
"989","228","156","1","2021-05-09 15:06:30","2021-05-09 15:06:30"
"990","228","157","2","2021-05-09 15:06:30","2021-05-09 15:06:30"
"991","229","155","0","2021-05-09 15:06:30","2021-05-09 15:06:30"
"992","229","156","1","2021-05-09 15:06:30","2021-05-09 15:06:30"
"993","229","157","2","2021-05-09 15:06:30","2021-05-09 15:06:30"
"994","230","155","0","2021-05-09 15:06:30","2021-05-09 15:06:30"
"995","230","156","1","2021-05-09 15:06:30","2021-05-09 15:06:30"
"996","230","157","2","2021-05-09 15:06:30","2021-05-09 15:06:30"
"997","231","155","0","2021-05-09 15:06:30","2021-05-09 15:06:30"
"998","231","156","1","2021-05-09 15:06:30","2021-05-09 15:06:30"
"999","231","157","2","2021-05-09 15:06:30","2021-05-09 15:06:30"
"1000","232","155","0","2021-05-09 15:06:30","2021-05-09 15:06:30"
"1001","232","156","1","2021-05-09 15:06:30","2021-05-09 15:06:30"
"1002","232","157","2","2021-05-09 15:06:30","2021-05-09 15:06:30"
"1003","233","155","0","2021-05-09 15:06:30","2021-05-09 15:06:30"
"1004","233","156","1","2021-05-09 15:06:30","2021-05-09 15:06:30"
"1005","233","157","2","2021-05-09 15:06:30","2021-05-09 15:06:30"
"1006","234","155","0","2021-05-09 15:06:30","2021-05-09 15:06:30"
"1007","234","156","1","2021-05-09 15:06:30","2021-05-09 15:06:30"
"1008","234","157","2","2021-05-09 15:06:30","2021-05-09 15:06:30"
"1009","235","155","0","2021-05-09 15:06:30","2021-05-09 15:06:30"
"1010","235","156","1","2021-05-09 15:06:30","2021-05-09 15:06:30"
"1011","235","157","2","2021-05-09 15:06:30","2021-05-09 15:06:30"
"1012","236","155","0","2021-05-09 15:06:30","2021-05-09 15:06:30"
"1013","236","156","1","2021-05-09 15:06:30","2021-05-09 15:06:30"
"1014","236","157","2","2021-05-09 15:06:30","2021-05-09 15:06:30"
"1015","237","155","0","2021-05-09 15:06:30","2021-05-09 15:06:30"
"1016","237","156","1","2021-05-09 15:06:30","2021-05-09 15:06:30"
"1017","237","157","2","2021-05-09 15:06:30","2021-05-09 15:06:30"
"1018","238","158","0","2021-05-09 15:06:30","2021-05-09 15:06:30"
"1019","238","159","0","2021-05-09 15:06:30","2021-05-09 15:06:30"
"1020","238","160","0","2021-05-09 15:06:30","2021-05-09 15:06:30"
"1021","238","161","0","2021-05-09 15:06:30","2021-05-09 15:06:30"
"1022","238","162","0","2021-05-09 15:06:30","2021-05-09 15:06:30"
"1023","238","163","0","2021-05-09 15:06:30","2021-05-09 15:06:30"
"1024","239","164","0","2021-05-09 15:06:30","2021-05-09 15:06:30"
"1025","239","165","0","2021-05-09 15:06:30","2021-05-09 15:06:30"
"1026","239","166","0","2021-05-09 15:06:30","2021-05-09 15:06:30"
"1027","239","167","0","2021-05-09 15:06:30","2021-05-09 15:06:30"
"1028","240","168","0","2021-05-09 15:06:30","2021-05-09 15:06:30"
"1029","240","169","0","2021-05-09 15:06:30","2021-05-09 15:06:30"
"1030","240","170","1","2021-05-09 15:06:30","2021-05-09 15:06:30"
"1031","240","171","1","2021-05-09 15:06:30","2021-05-09 15:06:30"
"1032","241","168","0","2021-05-09 15:06:30","2021-05-09 15:06:30"
"1033","241","172","1","2021-05-09 15:06:30","2021-05-09 15:06:30"
"1034","241","173","1","2021-05-09 15:06:30","2021-05-09 15:06:30"
"1035","242","174","0","2021-05-09 15:06:30","2021-05-09 15:06:30"
"1036","242","175","1","2021-05-09 15:06:30","2021-05-09 15:06:30"
"1037","242","176","1","2021-05-09 15:06:30","2021-05-09 15:06:30"
"1038","243","177","1","2021-05-09 15:06:30","2021-05-09 15:06:30"
"1039","243","178","0","2021-05-09 15:06:30","2021-05-09 15:06:30"
"1040","244","177","1","2021-05-09 15:06:30","2021-05-09 15:06:30"
"1041","244","178","0","2021-05-09 15:06:30","2021-05-09 15:06:30"
"1042","245","177","1","2021-05-09 15:06:30","2021-05-09 15:06:30"
"1043","245","178","0","2021-05-09 15:06:30","2021-05-09 15:06:30"
"1044","246","177","1","2021-05-09 15:06:30","2021-05-09 15:06:30"
"1045","246","178","0","2021-05-09 15:06:30","2021-05-09 15:06:30"
"1046","247","177","1","2021-05-09 15:06:30","2021-05-09 15:06:30"
"1047","247","178","0","2021-05-09 15:06:30","2021-05-09 15:06:30"
"1048","248","177","1","2021-05-09 15:06:30","2021-05-09 15:06:30"
"1049","248","178","0","2021-05-09 15:06:30","2021-05-09 15:06:30"
"1050","249","177","1","2021-05-09 15:06:30","2021-05-09 15:06:30"
"1051","249","178","0","2021-05-09 15:06:30","2021-05-09 15:06:30"
"1052","250","177","1","2021-05-09 15:06:30","2021-05-09 15:06:30"
"1053","250","178","0","2021-05-09 15:06:30","2021-05-09 15:06:30"
"1054","251","177","1","2021-05-09 15:06:30","2021-05-09 15:06:30"
"1055","251","178","0","2021-05-09 15:06:30","2021-05-09 15:06:30"
"1056","252","177","1","2021-05-09 15:06:30","2021-05-09 15:06:30"
"1057","252","178","0","2021-05-09 15:06:30","2021-05-09 15:06:30"
"1058","253","177","1","2021-05-09 15:06:30","2021-05-09 15:06:30"
"1059","253","178","0","2021-05-09 15:06:30","2021-05-09 15:06:30"
"1060","254","177","1","2021-05-09 15:06:30","2021-05-09 15:06:30"
"1061","254","178","0","2021-05-09 15:06:30","2021-05-09 15:06:30"
"1062","255","177","1","2021-05-09 15:06:30","2021-05-09 15:06:30"
"1063","255","178","0","2021-05-09 15:06:30","2021-05-09 15:06:30"
"1064","256","177","1","2021-05-09 15:06:30","2021-05-09 15:06:30"
"1065","256","178","0","2021-05-09 15:06:30","2021-05-09 15:06:30"
"1066","257","177","1","2021-05-09 15:06:30","2021-05-09 15:06:30"
"1067","257","178","0","2021-05-09 15:06:30","2021-05-09 15:06:30"
"1068","258","177","1","2021-05-09 15:06:30","2021-05-09 15:06:30"
"1069","258","178","0","2021-05-09 15:06:30","2021-05-09 15:06:30"
"1070","259","177","1","2021-05-09 15:06:30","2021-05-09 15:06:30"
"1071","259","178","0","2021-05-09 15:06:30","2021-05-09 15:06:30"
"1072","260","177","1","2021-05-09 15:06:30","2021-05-09 15:06:30"
"1073","260","178","0","2021-05-09 15:06:30","2021-05-09 15:06:30"
"1074","261","177","1","2021-05-09 15:06:30","2021-05-09 15:06:30"
"1075","261","178","0","2021-05-09 15:06:30","2021-05-09 15:06:30"
"1076","262","179","0","2021-05-09 15:06:30","2021-05-09 15:06:30"
"1077","262","180","6","2021-05-09 15:06:30","2021-05-09 15:06:30"
"1078","262","181","5","2021-05-09 15:06:30","2021-05-09 15:06:30"
"1079","262","182","4","2021-05-09 15:06:30","2021-05-09 15:06:30"
"1080","262","183","3","2021-05-09 15:06:30","2021-05-09 15:06:30"
"1081","262","184","2","2021-05-09 15:06:30","2021-05-09 15:06:30"
"1082","262","185","1","2021-05-09 15:06:30","2021-05-09 15:06:30"
"1083","263","186","0","2021-05-09 15:06:30","2021-05-09 15:06:30"
"1084","263","187","1","2021-05-09 15:06:30","2021-05-09 15:06:30"
"1085","263","188","2","2021-05-09 15:06:30","2021-05-09 15:06:30"
"1086","263","189","3","2021-05-09 15:06:30","2021-05-09 15:06:30"
"1087","263","190","4","2021-05-09 15:06:30","2021-05-09 15:06:30"
"1088","263","191","5","2021-05-09 15:06:30","2021-05-09 15:06:30"
"1089","263","192","6","2021-05-09 15:06:30","2021-05-09 15:06:30"
"1090","264","193","0","2021-05-09 15:06:30","2021-05-09 15:06:30"
"1091","264","194","1","2021-05-09 15:06:30","2021-05-09 15:06:30"
"1092","264","195","2","2021-05-09 15:06:30","2021-05-09 15:06:30"
"1093","264","196","3","2021-05-09 15:06:30","2021-05-09 15:06:30"
"1094","264","197","4","2021-05-09 15:06:30","2021-05-09 15:06:30"
"1095","264","198","5","2021-05-09 15:06:30","2021-05-09 15:06:30"
"1096","264","199","6","2021-05-09 15:06:30","2021-05-09 15:06:30"
"1097","265","200","0","2021-05-09 15:06:30","2021-05-09 15:06:30"
"1098","265","201","1","2021-05-09 15:06:30","2021-05-09 15:06:30"
"1099","265","202","2","2021-05-09 15:06:30","2021-05-09 15:06:30"
"1100","265","203","3","2021-05-09 15:06:30","2021-05-09 15:06:30"
"1101","265","204","4","2021-05-09 15:06:30","2021-05-09 15:06:30"
"1102","265","205","5","2021-05-09 15:06:30","2021-05-09 15:06:30"
"1103","266","206","0","2021-05-09 15:06:30","2021-05-09 15:06:30"
"1104","266","207","1","2021-05-09 15:06:30","2021-05-09 15:06:30"
"1105","266","208","2","2021-05-09 15:06:30","2021-05-09 15:06:30"
"1106","266","209","3","2021-05-09 15:06:30","2021-05-09 15:06:30"
"1107","266","210","4","2021-05-09 15:06:30","2021-05-09 15:06:30"
"1108","266","211","5","2021-05-09 15:06:30","2021-05-09 15:06:30"
"1109","266","212","6","2021-05-09 15:06:30","2021-05-09 15:06:30"
"1110","267","213","1","2021-05-09 15:06:30","2021-05-09 15:06:30"
"1111","267","214","2","2021-05-09 15:06:30","2021-05-09 15:06:30"
"1112","267","215","0","2021-05-09 15:06:30","2021-05-09 15:06:30"
"1113","268","216","6","2021-05-09 15:06:30","2021-05-09 15:06:30"
"1114","268","217","5","2021-05-09 15:06:30","2021-05-09 15:06:30"
"1115","268","218","4","2021-05-09 15:06:30","2021-05-09 15:06:30"
"1116","268","219","3","2021-05-09 15:06:30","2021-05-09 15:06:30"
"1117","268","220","2","2021-05-09 15:06:30","2021-05-09 15:06:30"
"1118","268","221","1","2021-05-09 15:06:30","2021-05-09 15:06:30"
"1119","268","222","0","2021-05-09 15:06:30","2021-05-09 15:06:30"
"1120","269","223","0","2021-05-09 15:06:30","2021-05-09 15:06:30"
"1121","269","224","1","2021-05-09 15:06:30","2021-05-09 15:06:30"
"1122","269","225","2","2021-05-09 15:06:30","2021-05-09 15:06:30"
"1123","269","226","3","2021-05-09 15:06:30","2021-05-09 15:06:30"
"1124","269","227","4","2021-05-09 15:06:30","2021-05-09 15:06:30"
"1125","269","228","5","2021-05-09 15:06:30","2021-05-09 15:06:30"
"1126","269","229","6","2021-05-09 15:06:30","2021-05-09 15:06:30"
"1127","270","230","0","2021-05-09 15:06:30","2021-05-09 15:06:30"
"1128","270","231","1","2021-05-09 15:06:30","2021-05-09 15:06:30"
"1129","270","232","2","2021-05-09 15:06:30","2021-05-09 15:06:30"
"1130","270","233","3","2021-05-09 15:06:30","2021-05-09 15:06:30"
"1131","270","234","4","2021-05-09 15:06:30","2021-05-09 15:06:30"
"1132","270","235","5","2021-05-09 15:06:30","2021-05-09 15:06:30"
"1133","270","236","6","2021-05-09 15:06:30","2021-05-09 15:06:30"
"1134","271","237","0","2021-05-09 15:06:30","2021-05-09 15:06:30"
"1135","271","238","1","2021-05-09 15:06:30","2021-05-09 15:06:30"
"1136","271","239","2","2021-05-09 15:06:30","2021-05-09 15:06:30"
"1137","271","240","3","2021-05-09 15:06:30","2021-05-09 15:06:30"
"1138","271","241","4","2021-05-09 15:06:30","2021-05-09 15:06:30"
"1139","271","242","5","2021-05-09 15:06:30","2021-05-09 15:06:30"
"1140","271","243","6","2021-05-09 15:06:30","2021-05-09 15:06:30"
"1141","272","244","0","2021-05-09 15:06:30","2021-05-09 15:06:30"
"1142","272","245","6","2021-05-09 15:06:30","2021-05-09 15:06:30"
"1143","272","246","5","2021-05-09 15:06:30","2021-05-09 15:06:30"
"1144","272","247","4","2021-05-09 15:06:30","2021-05-09 15:06:30"
"1145","272","248","3","2021-05-09 15:06:30","2021-05-09 15:06:30"
"1146","272","249","2","2021-05-09 15:06:30","2021-05-09 15:06:30"
"1147","272","250","1","2021-05-09 15:06:30","2021-05-09 15:06:30"
"1148","273","251","0","2021-05-09 15:06:30","2021-05-09 15:06:30"
"1149","273","252","1","2021-05-09 15:06:30","2021-05-09 15:06:30"
"1150","273","253","2","2021-05-09 15:06:30","2021-05-09 15:06:30"
"1151","273","254","3","2021-05-09 15:06:30","2021-05-09 15:06:30"
"1152","273","255","4","2021-05-09 15:06:30","2021-05-09 15:06:30"
"1153","273","256","5","2021-05-09 15:06:30","2021-05-09 15:06:30"
"1154","273","257","6","2021-05-09 15:06:30","2021-05-09 15:06:30"
"1155","274","258","0","2021-05-09 15:06:30","2021-05-09 15:06:30"
"1156","274","259","1","2021-05-09 15:06:30","2021-05-09 15:06:30"
"1157","274","260","2","2021-05-09 15:06:30","2021-05-09 15:06:30"
"1158","274","261","3","2021-05-09 15:06:30","2021-05-09 15:06:30"
"1159","274","262","4","2021-05-09 15:06:30","2021-05-09 15:06:30"
"1160","274","262","5","2021-05-09 15:06:30","2021-05-09 15:06:30"
"1161","274","263","5","2021-05-09 15:06:30","2021-05-09 15:06:30"
"1162","275","264","0","2021-05-09 15:06:30","2021-05-09 15:06:30"
"1163","275","265","6","2021-05-09 15:06:30","2021-05-09 15:06:30"
"1164","275","266","5","2021-05-09 15:06:30","2021-05-09 15:06:30"
"1165","275","267","4","2021-05-09 15:06:30","2021-05-09 15:06:30"
"1166","275","268","3","2021-05-09 15:06:30","2021-05-09 15:06:30"
"1167","275","269","2","2021-05-09 15:06:30","2021-05-09 15:06:30"
"1168","275","270","1","2021-05-09 15:06:30","2021-05-09 15:06:30"
"1169","276","271","0","2021-05-09 15:06:30","2021-05-09 15:06:30"
"1170","276","272","1","2021-05-09 15:06:30","2021-05-09 15:06:30"
"1171","276","273","2","2021-05-09 15:06:30","2021-05-09 15:06:30"
"1172","276","274","3","2021-05-09 15:06:30","2021-05-09 15:06:30"
"1173","276","275","4","2021-05-09 15:06:30","2021-05-09 15:06:30"
"1174","276","276","5","2021-05-09 15:06:30","2021-05-09 15:06:30"
"1175","277","277","0","2021-05-09 15:06:30","2021-05-09 15:06:30"
"1176","277","278","1","2021-05-09 15:06:30","2021-05-09 15:06:30"
"1177","277","279","2","2021-05-09 15:06:30","2021-05-09 15:06:30"
"1178","277","280","3","2021-05-09 15:06:30","2021-05-09 15:06:30"
"1179","277","281","4","2021-05-09 15:06:30","2021-05-09 15:06:30"
"1180","277","282","5","2021-05-09 15:06:30","2021-05-09 15:06:30"
"1181","278","283","0","2021-05-09 15:06:30","2021-05-09 15:06:30"
"1182","278","284","1","2021-05-09 15:06:30","2021-05-09 15:06:30"
"1183","278","285","2","2021-05-09 15:06:30","2021-05-09 15:06:30"
"1184","278","286","3","2021-05-09 15:06:30","2021-05-09 15:06:30"
"1185","278","287","4","2021-05-09 15:06:30","2021-05-09 15:06:30"
"1186","278","288","5","2021-05-09 15:06:30","2021-05-09 15:06:30"
"1187","279","289","0","2021-05-09 15:06:30","2021-05-09 15:06:30"
"1188","279","290","1","2021-05-09 15:06:30","2021-05-09 15:06:30"
"1189","279","291","2","2021-05-09 15:06:30","2021-05-09 15:06:30"
"1190","279","292","3","2021-05-09 15:06:30","2021-05-09 15:06:30"
"1191","279","293","4","2021-05-09 15:06:30","2021-05-09 15:06:30"
"1192","279","294","5","2021-05-09 15:06:30","2021-05-09 15:06:30"
"1193","280","295","0","2021-05-09 15:06:30","2021-05-09 15:06:30"
"1194","280","296","1","2021-05-09 15:06:30","2021-05-09 15:06:30"
"1195","280","297","2","2021-05-09 15:06:30","2021-05-09 15:06:30"
"1196","221","298","0","2021-05-09 15:06:30","2021-05-09 15:06:30"
"1197","221","299","3","2021-05-09 15:06:30","2021-05-09 15:06:30"
"1198","222","300","0","2021-05-09 15:06:30","2021-05-09 15:06:30"
"1199","222","301","2","2021-05-09 15:06:30","2021-05-09 15:06:30"
"1200","222","302","3","2021-05-09 15:06:30","2021-05-09 15:06:30"
"1201","222","303","4","2021-05-09 15:06:30","2021-05-09 15:06:30"
"1202","222","304","6","2021-05-09 15:06:30","2021-05-09 15:06:30"
"1203","223","300","0","2021-05-09 15:06:30","2021-05-09 15:06:30"
"1204","223","301","3","2021-05-09 15:06:30","2021-05-09 15:06:30"
"1205","223","302","4","2021-05-09 15:06:30","2021-05-09 15:06:30"
"1206","223","303","5","2021-05-09 15:06:30","2021-05-09 15:06:30"
"1207","223","304","6","2021-05-09 15:06:30","2021-05-09 15:06:30"
"1208","224","300","0","2021-05-09 15:06:30","2021-05-09 15:06:30"
"1209","224","301","4","2021-05-09 15:06:30","2021-05-09 15:06:30"
"1210","224","302","5","2021-05-09 15:06:30","2021-05-09 15:06:30"
"1211","224","303","6","2021-05-09 15:06:30","2021-05-09 15:06:30"
"1212","224","304","7","2021-05-09 15:06:30","2021-05-09 15:06:30"
"1213","225","300","0","2021-05-09 15:06:30","2021-05-09 15:06:30"
"1214","225","301","5","2021-05-09 15:06:30","2021-05-09 15:06:30"
"1215","225","302","6","2021-05-09 15:06:30","2021-05-09 15:06:30"
"1216","225","303","7","2021-05-09 15:06:30","2021-05-09 15:06:30"
"1217","225","304","8","2021-05-09 15:06:30","2021-05-09 15:06:30"
"1218","226","305","0","2021-05-09 15:06:30","2021-05-09 15:06:30"
"1219","226","306","6","2021-05-09 15:06:30","2021-05-09 15:06:30"
"1220","226","307","3","2021-05-09 15:06:30","2021-05-09 15:06:30"
"1221","227","305","0","2021-05-09 15:06:30","2021-05-09 15:06:30"
"1222","227","306","6","2021-05-09 15:06:30","2021-05-09 15:06:30"
"1223","227","307","3","2021-05-09 15:06:30","2021-05-09 15:06:30"
"1224","281","305","0","2021-05-09 15:06:30","2021-05-09 15:06:30"
"1225","281","306","2","2021-05-09 15:06:30","2021-05-09 15:06:30"
"1226","281","307","1","2021-05-09 15:06:30","2021-05-09 15:06:30"
